============================================================
  SISTEMA DE ENVIO AUTOMÁTICO — REPORT OPERACIONAL ELDORADO
  Início: 26/05/2026 11:14:35
============================================================
[LOG] Verificando existência do arquivo: \\brtlgwvfs01eld\Florestal\015_Logística Florestal e Infra Estrutura\002 - Logistica Florestal\01. Base de Dados\02. Manuais\09. ChatBot\Report Operacional\Report Operacional V2.xlsx
[LOG] Abrindo planilha...
[LOG] Lendo aba: 'Volume Real Diário'...
C:\Users\ext.matheusmm\Documents\Envio de Emails\.venv\Lib\site-packages\openpyxl\worksheet\_reader.py:329: UserWarning: Slicer List extension is not supported and will be removed
  warn(msg)
[LOG]   Aba carregada: 168 linhas × 27 colunas
[LOG]   Blocos detectados: ['Vol. movimentado', 'DMT Total', 'Média Cx Carga', 'Média de Rpv']
[LOG]   Bloco 'Vol. movimentado': 14 linhas × 26 colunas
[LOG]   Bloco 'DMT Total': 14 linhas × 26 colunas
[LOG]   Bloco 'Média Cx Carga': 14 linhas × 28 colunas
[LOG]   Bloco 'Média de Rpv': 60 linhas × 28 colunas
[LOG]   4 sub-tabela(s) extraída(s) de 'Volume Real Diário'
[LOG] Total de sub-tabelas: 4
[LOG] Gerando imagem: 'Volume Real Diário — Vol. movimentado'...
[LOG]   Imagem salva: report_temp_01_Volume_Real_Diário___Vol__movimentado.png
[LOG] Gerando imagem: 'Volume Real Diário — DMT Total'...
[LOG]   Imagem salva: report_temp_02_Volume_Real_Diário___DMT_Total.png
[LOG] Gerando imagem: 'Volume Real Diário — Média Cx Carga'...
[LOG]   Imagem salva: report_temp_03_Volume_Real_Diário___Média_Cx_Carga.png
[LOG] Gerando imagem: 'Volume Real Diário — Média de Rpv'...
[LOG]   Imagem salva: report_temp_04_Volume_Real_Diário___Média_de_Rpv.png
[LOG] E-mail montado com sucesso.
[LOG] Criando e-mail no Outlook...
[LOG] E-mail enviado para: gustavo.carmo@eldoradobrasil.com.br, alana.oliveira@eldoradobrasil.com.br, rogerio.araujo@eldoradobrasil.com.br, giovani.barbosa@eldoradobrasil.com.br, janaine.costa@eldoradobrasil.com.br
[LOG] Temporário removido: report_temp_01_Volume_Real_Diário___Vol__movimentado.png
[LOG] Temporário removido: report_temp_02_Volume_Real_Diário___DMT_Total.png
[LOG] Temporário removido: report_temp_03_Volume_Real_Diário___Média_Cx_Carga.png
[LOG] Temporário removido: report_temp_04_Volume_Real_Diário___Média_de_Rpv.png

[LOG] Duração total: 88.4s
============================================================
============================================================
  SISTEMA DE ENVIO AUTOMÁTICO — REPORT OPERACIONAL ELDORADO
  Início: 27/05/2026 09:53:22
============================================================
[LOG] Verificando existência do arquivo: \\brtlgwvfs01eld\Florestal\015_Logística Florestal e Infra Estrutura\002 - Logistica Florestal\01. Base de Dados\02. Manuais\09. ChatBot\Report Operacional\Report Operacional V2.xlsx
[LOG] Abrindo planilha...
[LOG] Lendo aba: 'Volume Real Diário'...
c:\Users\ext.matheusmm\Documents\Envio de Emails\.venv\Lib\site-packages\openpyxl\worksheet\_reader.py:329: UserWarning: Slicer List extension is not supported and will be removed
  warn(msg)
[LOG]   Aba carregada: 167 linhas × 28 colunas
[LOG]   Blocos detectados: ['Vol. movimentado', 'DMT Total', 'Média Cx Carga', 'Média de Rpv']
[LOG]   Bloco 'Vol. movimentado': 14 linhas × 27 colunas
[LOG]   Bloco 'DMT Total': 14 linhas × 27 colunas
[LOG]   Bloco 'Média Cx Carga': 14 linhas × 29 colunas
[LOG]   Bloco 'Média de Rpv': 59 linhas × 29 colunas
[LOG]   4 sub-tabela(s) extraída(s) de 'Volume Real Diário'
[LOG] Total de sub-tabelas: 4
[LOG] Gerando imagem: 'Volume Real Diário — Vol. movimentado'...
[LOG]   Imagem salva: report_temp_01_Volume_Real_Diário___Vol__movimentado.png
[LOG] Gerando imagem: 'Volume Real Diário — DMT Total'...
[LOG]   Imagem salva: report_temp_02_Volume_Real_Diário___DMT_Total.png
[LOG] Gerando imagem: 'Volume Real Diário — Média Cx Carga'...
[LOG]   Imagem salva: report_temp_03_Volume_Real_Diário___Média_Cx_Carga.png
[LOG] Gerando imagem: 'Volume Real Diário — Média de Rpv'...
[LOG]   Imagem salva: report_temp_04_Volume_Real_Diário___Média_de_Rpv.png
[LOG] E-mail montado com sucesso.
[LOG] Criando e-mail no Outlook...
[LOG] E-mail enviado para: gustavo.carmo@eldoradobrasil.com.br, alana.oliveira@eldoradobrasil.com.br, rogerio.araujo@eldoradobrasil.com.br, giovani.barbosa@eldoradobrasil.com.br, janaine.costa@eldoradobrasil.com.br
[LOG] Temporário removido: report_temp_01_Volume_Real_Diário___Vol__movimentado.png
[LOG] Temporário removido: report_temp_02_Volume_Real_Diário___DMT_Total.png
[LOG] Temporário removido: report_temp_03_Volume_Real_Diário___Média_Cx_Carga.png
[LOG] Temporário removido: report_temp_04_Volume_Real_Diário___Média_de_Rpv.png

[LOG] Duração total: 111.1s
============================================================
============================================================
  SISTEMA DE ENVIO AUTOMÁTICO — REPORT OPERACIONAL ELDORADO
  Início: 27/05/2026 10:04:21
============================================================
[LOG] Verificando existência do arquivo: \\brtlgwvfs01eld\Florestal\015_Logística Florestal e Infra Estrutura\002 - Logistica Florestal\01. Base de Dados\02. Manuais\09. ChatBot\Report Operacional\Report Operacional V2.xlsx
[LOG] Abrindo planilha...
[LOG] Lendo aba: 'Volume Real Diário'...
c:\Users\ext.matheusmm\Documents\Envio de Emails\.venv\Lib\site-packages\openpyxl\worksheet\_reader.py:329: UserWarning: Slicer List extension is not supported and will be removed
  warn(msg)
[LOG]   Aba carregada: 167 linhas × 28 colunas
[LOG]   Blocos detectados: ['Vol. movimentado', 'DMT Total', 'Média Cx Carga', 'Média de Rpv']
[LOG]   Bloco 'Vol. movimentado': 14 linhas × 27 colunas
[LOG]   Bloco 'DMT Total': 14 linhas × 27 colunas
[LOG]   Bloco 'Média Cx Carga': 14 linhas × 29 colunas
[LOG]   Bloco 'Média de Rpv': 59 linhas × 29 colunas
[LOG]   4 sub-tabela(s) extraída(s) de 'Volume Real Diário'
[LOG] Total de sub-tabelas: 4
[LOG] Gerando imagem: 'Volume Real Diário — Vol. movimentado'...
[LOG]   Imagem salva: report_temp_01_Volume_Real_Diário___Vol__movimentado.png
[LOG] Gerando imagem: 'Volume Real Diário — DMT Total'...
[LOG]   Imagem salva: report_temp_02_Volume_Real_Diário___DMT_Total.png
[LOG] Gerando imagem: 'Volume Real Diário — Média Cx Carga'...
[LOG]   Imagem salva: report_temp_03_Volume_Real_Diário___Média_Cx_Carga.png
[LOG] Gerando imagem: 'Volume Real Diário — Média de Rpv'...
[LOG]   Imagem salva: report_temp_04_Volume_Real_Diário___Média_de_Rpv.png
[LOG] E-mail montado com sucesso.
[LOG] Criando e-mail no Outlook...
[LOG] E-mail enviado para: gustavo.carmo@eldoradobrasil.com.br, alana.oliveira@eldoradobrasil.com.br, rogerio.araujo@eldoradobrasil.com.br, giovani.barbosa@eldoradobrasil.com.br, janaine.costa@eldoradobrasil.com.br
[LOG] Temporário removido: report_temp_01_Volume_Real_Diário___Vol__movimentado.png
[LOG] Temporário removido: report_temp_02_Volume_Real_Diário___DMT_Total.png
[LOG] Temporário removido: report_temp_03_Volume_Real_Diário___Média_Cx_Carga.png
[LOG] Temporário removido: report_temp_04_Volume_Real_Diário___Média_de_Rpv.png

[LOG] Duração total: 114.0s
============================================================
============================================================
  SISTEMA DE ENVIO AUTOMÁTICO — REPORT OPERACIONAL ELDORADO
  Início: 27/05/2026 10:18:28
============================================================
[LOG] Verificando existência do arquivo: \\brtlgwvfs01eld\Florestal\015_Logística Florestal e Infra Estrutura\002 - Logistica Florestal\01. Base de Dados\02. Manuais\09. ChatBot\Report Operacional\Report Operacional V2.xlsx
[LOG] Abrindo planilha...
[LOG] Lendo aba: 'Volume Real Diário'...
C:\Users\ext.matheusmm\Documents\Envio de Emails\.venv\Lib\site-packages\openpyxl\worksheet\_reader.py:329: UserWarning: Slicer List extension is not supported and will be removed
  warn(msg)
[LOG]   Aba carregada: 167 linhas × 28 colunas
[LOG]   Blocos detectados: ['Vol. movimentado', 'DMT Total', 'Média Cx Carga', 'Média de Rpv']
[LOG]   Bloco 'Vol. movimentado': 14 linhas × 27 colunas
[LOG]   Bloco 'DMT Total': 14 linhas × 27 colunas
[LOG]   Bloco 'Média Cx Carga': 14 linhas × 29 colunas
[LOG]   Bloco 'Média de Rpv': 59 linhas × 29 colunas
[LOG]   4 sub-tabela(s) extraída(s) de 'Volume Real Diário'
[LOG] Total de sub-tabelas: 4
[LOG] Gerando imagem: 'Volume Real Diário — Vol. movimentado'...

[ERRO INESPERADO] 'ellipsis' object is not callable
Traceback (most recent call last):
  File "c:\Users\ext.matheusmm\Documents\Envio de Emails\relatorios.py", line 724, in executar
    imagens      = gerar_todas_imagens(tabelas, IMAGE_BASE)
  File "c:\Users\ext.matheusmm\Documents\Envio de Emails\relatorios.py", line 545, in gerar_todas_imagens
    gerar_imagem(df, titulo, caminho)
    ~~~~~~~~~~~~^^^^^^^^^^^^^^^^^^^^^
  File "c:\Users\ext.matheusmm\Documents\Envio de Emails\relatorios.py", line 502, in gerar_imagem
    ...
    ~~~
    ("font-size", "13px"),   # era 11px
    ^^^^^^^^^^^^^^^^^^^^^
TypeError: 'ellipsis' object is not callable

[LOG] Duração total: 0.5s
============================================================
============================================================
  SISTEMA DE ENVIO AUTOMÁTICO — REPORT OPERACIONAL ELDORADO
  Início: 27/05/2026 10:19:45
============================================================
[LOG] Verificando existência do arquivo: \\brtlgwvfs01eld\Florestal\015_Logística Florestal e Infra Estrutura\002 - Logistica Florestal\01. Base de Dados\02. Manuais\09. ChatBot\Report Operacional\Report Operacional V2.xlsx
[LOG] Abrindo planilha...
[LOG] Lendo aba: 'Volume Real Diário'...
C:\Users\ext.matheusmm\Documents\Envio de Emails\.venv\Lib\site-packages\openpyxl\worksheet\_reader.py:329: UserWarning: Slicer List extension is not supported and will be removed
  warn(msg)
[LOG]   Aba carregada: 167 linhas × 28 colunas
[LOG]   Blocos detectados: ['Vol. movimentado', 'DMT Total', 'Média Cx Carga', 'Média de Rpv']
[LOG]   Bloco 'Vol. movimentado': 14 linhas × 27 colunas
[LOG]   Bloco 'DMT Total': 14 linhas × 27 colunas
[LOG]   Bloco 'Média Cx Carga': 14 linhas × 29 colunas
[LOG]   Bloco 'Média de Rpv': 59 linhas × 29 colunas
[LOG]   4 sub-tabela(s) extraída(s) de 'Volume Real Diário'
[LOG] Total de sub-tabelas: 4
[LOG] Gerando imagem: 'Volume Real Diário — Vol. movimentado'...
[LOG]   Imagem salva: report_temp_01_Volume_Real_Diário___Vol__movimentado.png
[LOG] Gerando imagem: 'Volume Real Diário — DMT Total'...
[LOG]   Imagem salva: report_temp_02_Volume_Real_Diário___DMT_Total.png
[LOG] Gerando imagem: 'Volume Real Diário — Média Cx Carga'...
[LOG]   Imagem salva: report_temp_03_Volume_Real_Diário___Média_Cx_Carga.png
[LOG] Gerando imagem: 'Volume Real Diário — Média de Rpv'...

[LOG] Duração total: 136.0s
============================================================
Traceback (most recent call last):
  File "c:\Users\ext.matheusmm\Documents\Envio de Emails\relatorios.py", line 766, in <module>
  File "c:\Users\ext.matheusmm\Documents\Envio de Emails\relatorios.py", line 724, in executar
    if not tabelas:
    
  File "c:\Users\ext.matheusmm\Documents\Envio de Emails\relatorios.py", line 545, in gerar_todas_imagens
    gerar_imagem(df, titulo, caminho)
    ~~~~~~~~~~~~^^^^^^^^^^^^^^^^^^^^^
  File "c:\Users\ext.matheusmm\Documents\Envio de Emails\relatorios.py", line 531, in gerar_imagem
    img      = img.resize(new_size, Image.LANCZOS)
  File "C:\Users\ext.matheusmm\Documents\Envio de Emails\.venv\Lib\site-packages\PIL\Image.py", line 2408, in resize
    im = im.resize(size, resample, box)
  File "C:\Users\ext.matheusmm\Documents\Envio de Emails\.venv\Lib\site-packages\PIL\Image.py", line 2437, in resize
    im = self.im.resize(size, resample, box)
KeyboardInterrupt
============================================================
  SISTEMA DE ENVIO AUTOMÁTICO — REPORT OPERACIONAL ELDORADO
  Início: 27/05/2026 10:22:10
============================================================
[LOG] Destinatários configurados (1):
       → gustavo.carmo@eldoradobrasil.com.br
[LOG] Verificando existência do arquivo: \\brtlgwvfs01eld\Florestal\015_Logística Florestal e Infra Estrutura\002 - Logistica Florestal\01. Base de Dados\02. Manuais\09. ChatBot\Report Operacional\Report Operacional V2.xlsx
[LOG] Abrindo planilha...
[LOG] Lendo aba: 'Volume Real Diário'...
C:\Users\ext.matheusmm\Documents\Envio de Emails\.venv\Lib\site-packages\openpyxl\worksheet\_reader.py:329: UserWarning: Slicer List extension is not supported and will be removed
  warn(msg)
[LOG]   Aba carregada: 167 linhas × 28 colunas
[LOG]   Blocos detectados: ['Vol. movimentado', 'DMT Total', 'Média Cx Carga', 'Média de Rpv']
[LOG]   Bloco 'Vol. movimentado': 14 linhas × 27 colunas
[LOG]   Bloco 'DMT Total': 14 linhas × 27 colunas
[LOG]   Bloco 'Média Cx Carga': 14 linhas × 29 colunas
[LOG]   Bloco 'Média de Rpv': 59 linhas × 29 colunas
[LOG]   4 sub-tabela(s) extraída(s) de 'Volume Real Diário'
[LOG] Total de sub-tabelas: 4
[LOG] Gerando imagem: 'Volume Real Diário — Vol. movimentado'...
[LOG]   Imagem salva: report_temp_01_Volume_Real_Diário___Vol__movimentado.png
[LOG] Gerando imagem: 'Volume Real Diário — DMT Total'...
[LOG]   Imagem salva: report_temp_02_Volume_Real_Diário___DMT_Total.png
[LOG] Gerando imagem: 'Volume Real Diário — Média Cx Carga'...
[LOG]   Imagem salva: report_temp_03_Volume_Real_Diário___Média_Cx_Carga.png
[LOG] Gerando imagem: 'Volume Real Diário — Média de Rpv'...
[LOG]   Imagem salva: report_temp_04_Volume_Real_Diário___Média_de_Rpv.png
[LOG] E-mail montado com sucesso.
[LOG] Criando e-mail no Outlook...
[LOG] E-mail enviado para: gustavo.carmo@eldoradobrasil.com.br
[LOG] Temporário removido: report_temp_01_Volume_Real_Diário___Vol__movimentado.png
[LOG] Temporário removido: report_temp_02_Volume_Real_Diário___DMT_Total.png
[LOG] Temporário removido: report_temp_03_Volume_Real_Diário___Média_Cx_Carga.png
[LOG] Temporário removido: report_temp_04_Volume_Real_Diário___Média_de_Rpv.png

[LOG] Duração total: 148.9s
============================================================
============================================================
  SISTEMA DE ENVIO AUTOMÁTICO — REPORT OPERACIONAL ELDORADO
  Início: 28/05/2026 09:29:41
============================================================
[LOG] Destinatários configurados (5):
       → gustavo.carmo@eldoradobrasil.com.br
       → alana.oliveira@eldoradobrasil.com.br
       → rogerio.araujo@eldoradobrasil.com.br
       → giovani.barbosa@eldoradobrasil.com.br
       → janaine.costa@eldoradobrasil.com.br
[LOG] Verificando existência do arquivo: \\brtlgwvfs01eld\Florestal\015_Logística Florestal e Infra Estrutura\002 - Logistica Florestal\01. Base de Dados\02. Manuais\09. ChatBot\Report Operacional\Report Operacional V2.xlsx
[LOG] Abrindo planilha...
[LOG] Lendo aba: 'Volume Real Diário'...
c:\Users\ext.matheusmm\Documents\Envio de Emails\.venv\Lib\site-packages\openpyxl\worksheet\_reader.py:329: UserWarning: Slicer List extension is not supported and will be removed
  warn(msg)
[LOG]   Aba carregada: 167 linhas × 29 colunas
[LOG]   Blocos detectados: ['Vol. movimentado', 'DMT Total', 'Média Cx Carga', 'Média de Rpv']
[LOG]   Bloco 'Vol. movimentado': 14 linhas × 28 colunas
[LOG]   Bloco 'DMT Total': 14 linhas × 28 colunas
[LOG]   Bloco 'Média Cx Carga': 14 linhas × 30 colunas
[LOG]   Bloco 'Média de Rpv': 59 linhas × 30 colunas
[LOG]   4 sub-tabela(s) extraída(s) de 'Volume Real Diário'
[LOG] Total de sub-tabelas: 4
[LOG] Gerando imagem: 'Volume Real Diário — Vol. movimentado'...
[LOG]   Imagem salva: report_temp_01_Volume_Real_Diário___Vol__movimentado.png
[LOG] Gerando imagem: 'Volume Real Diário — DMT Total'...
[LOG]   Imagem salva: report_temp_02_Volume_Real_Diário___DMT_Total.png
[LOG] Gerando imagem: 'Volume Real Diário — Média Cx Carga'...
[LOG]   Imagem salva: report_temp_03_Volume_Real_Diário___Média_Cx_Carga.png
[LOG] Gerando imagem: 'Volume Real Diário — Média de Rpv'...
[LOG]   Imagem salva: report_temp_04_Volume_Real_Diário___Média_de_Rpv.png
[LOG] E-mail montado com sucesso.
[LOG] Criando e-mail no Outlook...
[LOG] E-mail enviado para: gustavo.carmo@eldoradobrasil.com.br, alana.oliveira@eldoradobrasil.com.br, rogerio.araujo@eldoradobrasil.com.br, giovani.barbosa@eldoradobrasil.com.br, janaine.costa@eldoradobrasil.com.br
[LOG] Temporário removido: report_temp_01_Volume_Real_Diário___Vol__movimentado.png
[LOG] Temporário removido: report_temp_02_Volume_Real_Diário___DMT_Total.png
[LOG] Temporário removido: report_temp_03_Volume_Real_Diário___Média_Cx_Carga.png
[LOG] Temporário removido: report_temp_04_Volume_Real_Diário___Média_de_Rpv.png

[LOG] Duração total: 258.1s
============================================================
============================================================
  SISTEMA DE ENVIO AUTOMÁTICO — REPORT OPERACIONAL ELDORADO
  Início: 28/05/2026 10:50:27
============================================================
[LOG] Destinatários configurados (1):
       → gustavo.carmo@eldoradobrasil.com.br
[LOG] Verificando existência do arquivo: C:\Users\ext.matheusmm\Desktop\Relatório Estoque 28_05_2026.xlsx
[LOG] Abrindo planilha...
[LOG] Lendo aba: 'Resumo'...
C:\Users\ext.matheusmm\Documents\Envio de Emails\.venv\Lib\site-packages\openpyxl\worksheet\_reader.py:329: UserWarning: Slicer List extension is not supported and will be removed
  warn(msg)
[LOG]   Aba carregada: 22 linhas × 24 colunas
[LOG]   Bloco 'Estoque Total — Classe TPC': 13 linhas × 8 colunas
[LOG]   Bloco 'Estoque Total — Densidade': 13 linhas × 8 colunas
[LOG]   2 sub-tabela(s) extraída(s) de 'Resumo'
[LOG] Total de sub-tabelas: 2
[LOG] Gerando imagem: 'Resumo — Estoque Total — Classe TPC'...
[LOG]   Imagem salva: report_temp_01_Resumo___Estoque_Total___Classe_TPC.png
[LOG] Gerando imagem: 'Resumo — Estoque Total — Densidade'...
[LOG]   Imagem salva: report_temp_02_Resumo___Estoque_Total___Densidade.png
[LOG] E-mail montado com sucesso.
[LOG] Criando e-mail no Outlook...
[LOG] E-mail enviado para: gustavo.carmo@eldoradobrasil.com.br
[LOG] Temporário removido: report_temp_01_Resumo___Estoque_Total___Classe_TPC.png
[LOG] Temporário removido: report_temp_02_Resumo___Estoque_Total___Densidade.png

[LOG] Duração total: 7.0s
============================================================
============================================================
  SISTEMA DE ENVIO AUTOMÁTICO — REPORT OPERACIONAL ELDORADO
  Início: 28/05/2026 10:53:10
============================================================
[LOG] Destinatários configurados (1):
       → gustavo.carmo@eldoradobrasil.com.br
[LOG] Verificando existência do arquivo: C:\Users\ext.matheusmm\Desktop\Relatório Estoque 28_05_2026.xlsx
[LOG] Abrindo planilha...
[LOG] Lendo aba: 'Resumo'...
C:\Users\ext.matheusmm\Documents\Envio de Emails\.venv\Lib\site-packages\openpyxl\worksheet\_reader.py:329: UserWarning: Slicer List extension is not supported and will be removed
  warn(msg)
[LOG]   Aba carregada: 22 linhas × 24 colunas
[LOG]   Bloco 'Estoque Total — Classe TPC': 13 linhas × 8 colunas
[LOG]   Bloco 'Estoque Total — Densidade': 13 linhas × 8 colunas
[LOG]   2 sub-tabela(s) extraída(s) de 'Resumo'
[LOG] Total de sub-tabelas: 2
[LOG] Gerando imagem: 'Resumo — Estoque Total — Classe TPC'...
[LOG]   Imagem salva: report_temp_01_Resumo___Estoque_Total___Classe_TPC.png
[LOG] Gerando imagem: 'Resumo — Estoque Total — Densidade'...
[LOG]   Imagem salva: report_temp_02_Resumo___Estoque_Total___Densidade.png
[LOG] E-mail montado com sucesso.
[LOG] Criando e-mail no Outlook...
[LOG] E-mail enviado para: gustavo.carmo@eldoradobrasil.com.br
[LOG] Temporário removido: report_temp_01_Resumo___Estoque_Total___Classe_TPC.png
[LOG] Temporário removido: report_temp_02_Resumo___Estoque_Total___Densidade.png

[LOG] Duração total: 3.7s
============================================================
============================================================
  SISTEMA DE ENVIO AUTOMÁTICO — REPORT OPERACIONAL ELDORADO
  Início: 28/05/2026 10:55:22
============================================================
[LOG] Destinatários configurados (1):
       → gustavo.carmo@eldoradobrasil.com.br
[LOG] Verificando existência do arquivo: C:\Users\ext.matheusmm\Desktop\Relatório Estoque 28_05_2026.xlsx
[LOG] Abrindo planilha...
[LOG] Lendo aba: 'Resumo'...
C:\Users\ext.matheusmm\Documents\Envio de Emails\.venv\Lib\site-packages\openpyxl\worksheet\_reader.py:329: UserWarning: Slicer List extension is not supported and will be removed
  warn(msg)
[LOG]   Aba carregada: 22 linhas × 24 colunas
[LOG]   Bloco 'Estoque Total — Classe TPC': 13 linhas × 8 colunas
[LOG]   Bloco 'Estoque Total — Densidade': 13 linhas × 8 colunas
[LOG]   2 sub-tabela(s) extraída(s) de 'Resumo'
[LOG] Total de sub-tabelas: 2
[LOG] Gerando imagem: 'Resumo — Estoque Total — Classe TPC'...
[LOG]   Imagem salva: report_temp_01_Resumo___Estoque_Total___Classe_TPC.png
[LOG] Gerando imagem: 'Resumo — Estoque Total — Densidade'...
[LOG]   Imagem salva: report_temp_02_Resumo___Estoque_Total___Densidade.png
[LOG] E-mail montado com sucesso.
[LOG] Criando e-mail no Outlook...
[LOG] E-mail enviado para: gustavo.carmo@eldoradobrasil.com.br
[LOG] Temporário removido: report_temp_01_Resumo___Estoque_Total___Classe_TPC.png
[LOG] Temporário removido: report_temp_02_Resumo___Estoque_Total___Densidade.png

[LOG] Duração total: 5.9s
============================================================
============================================================
  SISTEMA DE ENVIO AUTOMÁTICO — REPORT OPERACIONAL ELDORADO
  Início: 28/05/2026 11:01:08
============================================================
[LOG] Destinatários configurados (1):
       → gustavo.carmo@eldoradobrasil.com.br
[LOG] Verificando existência do arquivo: C:\Users\ext.matheusmm\Desktop\Relatório Estoque 28_05_2026.xlsx
[LOG] Abrindo planilha...
[LOG] Lendo aba: 'Resumo'...
C:\Users\ext.matheusmm\Documents\Envio de Emails\.venv\Lib\site-packages\openpyxl\worksheet\_reader.py:329: UserWarning: Slicer List extension is not supported and will be removed
  warn(msg)
[LOG]   Aba carregada: 22 linhas × 24 colunas
[LOG]   Bloco 'Estoque Total — Classe TPC': 13 linhas × 8 colunas
[LOG]   Bloco 'Estoque Total — Densidade': 13 linhas × 8 colunas
[LOG]   2 sub-tabela(s) extraída(s) de 'Resumo'
[LOG] Total de sub-tabelas: 2
[LOG] Gerando imagem: 'Resumo — Estoque Total — Classe TPC'...
[LOG]   Imagem salva: report_temp_01_Resumo___Estoque_Total___Classe_TPC.png
[LOG] Gerando imagem: 'Resumo — Estoque Total — Densidade'...
[LOG]   Imagem salva: report_temp_02_Resumo___Estoque_Total___Densidade.png
[LOG] E-mail montado com sucesso.
[LOG] Criando e-mail no Outlook...
[LOG] E-mail enviado para: gustavo.carmo@eldoradobrasil.com.br
[LOG] Temporário removido: report_temp_01_Resumo___Estoque_Total___Classe_TPC.png
[LOG] Temporário removido: report_temp_02_Resumo___Estoque_Total___Densidade.png

[LOG] Duração total: 5.2s
============================================================
============================================================
  SISTEMA DE ENVIO AUTOMÁTICO — REPORT OPERACIONAL ELDORADO
  Início: 28/05/2026 11:04:18
============================================================
[LOG] Destinatários configurados (6):
       → gustavo.carmo@eldoradobrasil.com.br
       → alana.oliveira@eldoradobrasil.com.br
       → rogerio.araujo@eldoradobrasil.com.br
       → giovani.barbosa@eldoradobrasil.com.br
       → janaine.costa@eldoradobrasil.com.br
       → joao.gaspar@eldoradobrasil.com.br
[LOG] Verificando existência do arquivo: C:\Users\ext.matheusmm\Desktop\Relatório Estoque 28_05_2026.xlsx
[LOG] Abrindo planilha...
[LOG] Lendo aba: 'Resumo'...
C:\Users\ext.matheusmm\Documents\Envio de Emails\.venv\Lib\site-packages\openpyxl\worksheet\_reader.py:329: UserWarning: Slicer List extension is not supported and will be removed
  warn(msg)
[LOG]   Aba carregada: 22 linhas × 24 colunas
[LOG]   Bloco 'Estoque Total — Classe TPC': 13 linhas × 8 colunas
[LOG]   Bloco 'Estoque Total — Densidade': 13 linhas × 8 colunas
[LOG]   2 sub-tabela(s) extraída(s) de 'Resumo'
[LOG] Total de sub-tabelas: 2
[LOG] Gerando imagem: 'Resumo — Estoque Total — Classe TPC'...
[LOG]   Imagem salva: report_temp_01_Resumo___Estoque_Total___Classe_TPC.png
[LOG] Gerando imagem: 'Resumo — Estoque Total — Densidade'...
[LOG]   Imagem salva: report_temp_02_Resumo___Estoque_Total___Densidade.png
[LOG] E-mail montado com sucesso.
[LOG] Criando e-mail no Outlook...
[LOG] E-mail enviado para: gustavo.carmo@eldoradobrasil.com.br, alana.oliveira@eldoradobrasil.com.br, rogerio.araujo@eldoradobrasil.com.br, giovani.barbosa@eldoradobrasil.com.br, janaine.costa@eldoradobrasil.com.br, joao.gaspar@eldoradobrasil.com.br
[LOG] Temporário removido: report_temp_01_Resumo___Estoque_Total___Classe_TPC.png
[LOG] Temporário removido: report_temp_02_Resumo___Estoque_Total___Densidade.png

[LOG] Duração total: 5.4s
============================================================
============================================================
  SISTEMA DE ENVIO AUTOMÁTICO — REPORT OPERACIONAL ELDORADO
  Início: 28/05/2026 11:22:43
============================================================
[LOG] Destinatários configurados (6):
       → gustavo.carmo@eldoradobrasil.com.br
       → alana.oliveira@eldoradobrasil.com.br
       → rogerio.araujo@eldoradobrasil.com.br
       → giovani.barbosa@eldoradobrasil.com.br
       → janaine.costa@eldoradobrasil.com.br
       → joao.gaspar@eldoradobrasil.com.br
[LOG] Verificando existência do arquivo: C:\Users\ext.matheusmm\Desktop\Relatório Estoque 28_05_2026.xlsx
[LOG] Abrindo planilha...
[LOG] Lendo aba: 'Resumo'...
C:\Users\ext.matheusmm\Documents\Envio de Emails\.venv\Lib\site-packages\openpyxl\worksheet\_reader.py:329: UserWarning: Slicer List extension is not supported and will be removed
  warn(msg)
[LOG]   Aba carregada: 22 linhas × 24 colunas
[LOG]   Bloco 'Estoque Total — Classe TPC': 13 linhas × 8 colunas
[LOG]   Bloco 'Estoque Total — Densidade': 13 linhas × 8 colunas
[LOG]   2 sub-tabela(s) extraída(s) de 'Resumo'
[LOG] Total de sub-tabelas: 2
[LOG] Gerando imagem: 'Resumo — Estoque Total — Classe TPC'...

[LOG] Duração total: 1.1s
============================================================
Traceback (most recent call last):
  File "c:\Users\ext.matheusmm\Documents\Envio de Emails\tpc_vol.py", line 872, in <module>
    executar()
    ~~~~~~~~^^
  File "c:\Users\ext.matheusmm\Documents\Envio de Emails\tpc_vol.py", line 824, in executar
    imagens      = gerar_todas_imagens(tabelas, IMAGE_BASE)
  File "c:\Users\ext.matheusmm\Documents\Envio de Emails\tpc_vol.py", line 611, in gerar_todas_imagens
    gerar_imagem(df, titulo, caminho)
    ~~~~~~~~~~~~^^^^^^^^^^^^^^^^^^^^^
  File "c:\Users\ext.matheusmm\Documents\Envio de Emails\tpc_vol.py", line 589, in gerar_imagem
    dfi.export(estilo, caminho, dpi=300, table_conversion="matplotlib", max_rows=-1)
    ~~~~~~~~~~^^^^^^^^^^^^^^^^^^^^^^^^^^^^^^^^^^^^^^^^^^^^^^^^^^^^^^^^^^^^^^^^^^^^^^
  File "C:\Users\ext.matheusmm\Documents\Envio de Emails\.venv\Lib\site-packages\dataframe_image\_pandas_accessor.py", line 225, in export
    img_str = converter(html)
  File "C:\Users\ext.matheusmm\Documents\Envio de Emails\.venv\Lib\site-packages\dataframe_image\converter\matplotlib_table.py", line 342, in run
    self.rows, self.num_header_rows = self.parse_html(self.tree)
                                      ~~~~~~~~~~~~~~~^^^^^^^^^^^
  File "C:\Users\ext.matheusmm\Documents\Envio de Emails\.venv\Lib\site-packages\dataframe_image\converter\matplotlib_table.py", line 43, in parse_html
    rows, num_header_rows = self.parse_into_rows(tree)
                            ~~~~~~~~~~~~~~~~~~~~^^^^^^
  File "C:\Users\ext.matheusmm\Documents\Envio de Emails\.venv\Lib\site-packages\dataframe_image\converter\matplotlib_table.py", line 124, in parse_into_rows
    sheet = cssutils.parseString(style.text)
  File "C:\Users\ext.matheusmm\Documents\Envio de Emails\.venv\Lib\site-packages\cssutils\__init__.py", line 166, in func
    return getattr(CSSParser(), name)(*args, **kwargs)
           ~~~~~~~~~~~~~~~~~~~~~~~~~~^^^^^^^^^^^^^^^^^
  File "C:\Users\ext.matheusmm\Documents\Envio de Emails\.venv\Lib\site-packages\cssutils\parse.py", line 149, in parseString
    sheet._setCssTextWithEncodingOverride(
    ~~~~~~~~~~~~~~~~~~~~~~~~~~~~~~~~~~~~~^
        self.__tokenizer.tokenize(cssText, fullsheet=True),
        ^^^^^^^^^^^^^^^^^^^^^^^^^^^^^^^^^^^^^^^^^^^^^^^^^^^
        encodingOverride=encoding,
        ^^^^^^^^^^^^^^^^^^^^^^^^^^
    )
    ^
  File "C:\Users\ext.matheusmm\Documents\Envio de Emails\.venv\Lib\site-packages\cssutils\css\cssstylesheet.py", line 405, in _setCssTextWithEncodingOverride
    self.cssText = cssText
    ^^^^^^^^^^^^
  File "C:\Users\ext.matheusmm\Documents\Envio de Emails\.venv\Lib\site-packages\cssutils\css\cssstylesheet.py", line 328, in _setCssText
    wellformed, expected = self._parse(
                           ~~~~~~~~~~~^
        0,
        ^^
    ...<16 lines>...
        default=ruleset,
        ^^^^^^^^^^^^^^^^
    )
    ^
  File "C:\Users\ext.matheusmm\Documents\Envio de Emails\.venv\Lib\site-packages\cssutils\util.py", line 487, in _parse
    expected = p(expected, seq, token, tokenizer)
  File "C:\Users\ext.matheusmm\Documents\Envio de Emails\.venv\Lib\site-packages\cssutils\css\cssstylesheet.py", line 310, in ruleset
    rule.cssText = self._tokensupto2(tokenizer, token)
    ^^^^^^^^^^^^
  File "C:\Users\ext.matheusmm\Documents\Envio de Emails\.venv\Lib\site-packages\cssutils\css\cssstylerule.py", line 173, in _setCssText
    newStyle.cssText = styletokens
    ^^^^^^^^^^^^^^^^
  File "C:\Users\ext.matheusmm\Documents\Envio de Emails\.venv\Lib\site-packages\cssutils\css\cssstyledeclaration.py", line 197, in __setattr__
    super().__setattr__(n, v)
    ~~~~~~~~~~~~~~~~~~~^^^^^^
  File "C:\Users\ext.matheusmm\Documents\Envio de Emails\.venv\Lib\site-packages\cssutils\css\cssstyledeclaration.py", line 346, in _setCssText
    wellformed, expected = self._parse(
                           ~~~~~~~~~~~^
        expected=None,
        ^^^^^^^^^^^^^^
    ...<3 lines>...
        default=unexpected,
        ^^^^^^^^^^^^^^^^^^^
    )
    ^
  File "C:\Users\ext.matheusmm\Documents\Envio de Emails\.venv\Lib\site-packages\cssutils\util.py", line 487, in _parse
    expected = p(expected, seq, token, tokenizer)
  File "C:\Users\ext.matheusmm\Documents\Envio de Emails\.venv\Lib\site-packages\cssutils\css\cssstyledeclaration.py", line 309, in ident
    property.cssText = tokens
    ^^^^^^^^^^^^^^^^
  File "C:\Users\ext.matheusmm\Documents\Envio de Emails\.venv\Lib\site-packages\cssutils\css\property.py", line 161, in _setCssText
    self.validate()
    ~~~~~~~~~~~~~^^
  File "C:\Users\ext.matheusmm\Documents\Envio de Emails\.venv\Lib\site-packages\cssutils\css\property.py", line 472, in validate
    valid, matching, validprofiles = cssutils.profile.validateWithProfile(
                                     ~~~~~~~~~~~~~~~~~~~~~~~~~~~~~~~~~~~~^
        self.name, self.value, profiles
        ^^^^^^^^^^^^^^^^^^^^^^^^^^^^^^^
    )
    ^
  File "C:\Users\ext.matheusmm\Documents\Envio de Emails\.venv\Lib\site-packages\cssutils\profiles.py", line 428, in validateWithProfile
    if validate(value):
       ~~~~~~~~^^^^^^^
  File "C:\Users\ext.matheusmm\Documents\Envio de Emails\.venv\Lib\site-packages\cssutils\util.py", line 1018, in __call__
    return self.match(string, pos, endpos)
           ~~~~~~~~~~^^^^^^^^^^^^^^^^^^^^^
  File "C:\Users\ext.matheusmm\Documents\Envio de Emails\.venv\Lib\site-packages\cssutils\util.py", line 1025, in match
    self.ensure()
    ~~~~~~~~~~~^^
  File "C:\Users\ext.matheusmm\Documents\Envio de Emails\.venv\Lib\site-packages\cssutils\util.py", line 1011, in ensure
    self.matcher = re.compile(self.pattern, self.flags)
                   ~~~~~~~~~~^^^^^^^^^^^^^^^^^^^^^^^^^^
  File "C:\Users\ext.matheusmm\AppData\Local\Programs\Python\Python313\Lib\re\__init__.py", line 289, in compile
    return _compile(pattern, flags)
  File "C:\Users\ext.matheusmm\AppData\Local\Programs\Python\Python313\Lib\re\__init__.py", line 350, in _compile
    p = _compiler.compile(pattern, flags)
  File "C:\Users\ext.matheusmm\AppData\Local\Programs\Python\Python313\Lib\re\_compiler.py", line 748, in compile
    p = _parser.parse(p, flags)
  File "C:\Users\ext.matheusmm\AppData\Local\Programs\Python\Python313\Lib\re\_parser.py", line 980, in parse
    p = _parse_sub(source, state, flags & SRE_FLAG_VERBOSE, 0)
  File "C:\Users\ext.matheusmm\AppData\Local\Programs\Python\Python313\Lib\re\_parser.py", line 459, in _parse_sub
    itemsappend(_parse(source, state, verbose, nested + 1,
                ~~~~~~^^^^^^^^^^^^^^^^^^^^^^^^^^^^^^^^^^^^
                       not nested and not items))
                       ^^^^^^^^^^^^^^^^^^^^^^^^^
  File "C:\Users\ext.matheusmm\AppData\Local\Programs\Python\Python313\Lib\re\_parser.py", line 863, in _parse
    p = _parse_sub(source, state, sub_verbose, nested + 1)
  File "C:\Users\ext.matheusmm\AppData\Local\Programs\Python\Python313\Lib\re\_parser.py", line 459, in _parse_sub
    itemsappend(_parse(source, state, verbose, nested + 1,
                ~~~~~~^^^^^^^^^^^^^^^^^^^^^^^^^^^^^^^^^^^^
                       not nested and not items))
                       ^^^^^^^^^^^^^^^^^^^^^^^^^
  File "C:\Users\ext.matheusmm\AppData\Local\Programs\Python\Python313\Lib\re\_parser.py", line 863, in _parse
    p = _parse_sub(source, state, sub_verbose, nested + 1)
  File "C:\Users\ext.matheusmm\AppData\Local\Programs\Python\Python313\Lib\re\_parser.py", line 459, in _parse_sub
    itemsappend(_parse(source, state, verbose, nested + 1,
                ~~~~~~^^^^^^^^^^^^^^^^^^^^^^^^^^^^^^^^^^^^
                       not nested and not items))
                       ^^^^^^^^^^^^^^^^^^^^^^^^^
  File "C:\Users\ext.matheusmm\AppData\Local\Programs\Python\Python313\Lib\re\_parser.py", line 863, in _parse
    p = _parse_sub(source, state, sub_verbose, nested + 1)
  File "C:\Users\ext.matheusmm\AppData\Local\Programs\Python\Python313\Lib\re\_parser.py", line 459, in _parse_sub
    itemsappend(_parse(source, state, verbose, nested + 1,
                ~~~~~~^^^^^^^^^^^^^^^^^^^^^^^^^^^^^^^^^^^^
                       not nested and not items))
                       ^^^^^^^^^^^^^^^^^^^^^^^^^
  File "C:\Users\ext.matheusmm\AppData\Local\Programs\Python\Python313\Lib\re\_parser.py", line 868, in _parse
    state.closegroup(group, p)
    ~~~~~~~~~~~~~~~~^^^^^^^^^^
  File "C:\Users\ext.matheusmm\AppData\Local\Programs\Python\Python313\Lib\re\_parser.py", line 98, in closegroup
    self.groupwidths[gid] = p.getwidth()
                            ~~~~~~~~~~^^
  File "C:\Users\ext.matheusmm\AppData\Local\Programs\Python\Python313\Lib\re\_parser.py", line 187, in getwidth
    l, h = av.getwidth()
           ~~~~~~~~~~~^^
  File "C:\Users\ext.matheusmm\AppData\Local\Programs\Python\Python313\Lib\re\_parser.py", line 187, in getwidth
    l, h = av.getwidth()
           ~~~~~~~~~~~^^
  File "C:\Users\ext.matheusmm\AppData\Local\Programs\Python\Python313\Lib\re\_parser.py", line 209, in getwidth
    hi = hi + 1
    ^^
KeyboardInterrupt
============================================================
  SISTEMA DE ENVIO AUTOMÁTICO — REPORT OPERACIONAL ELDORADO
  Início: 28/05/2026 11:23:05
============================================================
[LOG] Destinatários configurados (1):
       → gustavo.carmo@eldoradobrasil.com.br
[LOG] Verificando existência do arquivo: C:\Users\ext.matheusmm\Desktop\Relatório Estoque 28_05_2026.xlsx
[LOG] Abrindo planilha...
[LOG] Lendo aba: 'Resumo'...
C:\Users\ext.matheusmm\Documents\Envio de Emails\.venv\Lib\site-packages\openpyxl\worksheet\_reader.py:329: UserWarning: Slicer List extension is not supported and will be removed
  warn(msg)
[LOG]   Aba carregada: 22 linhas × 24 colunas
[LOG]   Bloco 'Estoque Total — Classe TPC': 13 linhas × 8 colunas
[LOG]   Bloco 'Estoque Total — Densidade': 13 linhas × 8 colunas
[LOG]   2 sub-tabela(s) extraída(s) de 'Resumo'
[LOG] Total de sub-tabelas: 2
[LOG] Gerando imagem: 'Resumo — Estoque Total — Classe TPC'...
[LOG]   Imagem salva: report_temp_01_Resumo___Estoque_Total___Classe_TPC.png
[LOG] Gerando imagem: 'Resumo — Estoque Total — Densidade'...
[LOG]   Imagem salva: report_temp_02_Resumo___Estoque_Total___Densidade.png
[LOG] E-mail montado com sucesso.
[LOG] Criando e-mail no Outlook...
[LOG] E-mail enviado para: gustavo.carmo@eldoradobrasil.com.br
[LOG] Temporário removido: report_temp_01_Resumo___Estoque_Total___Classe_TPC.png
[LOG] Temporário removido: report_temp_02_Resumo___Estoque_Total___Densidade.png

[LOG] Duração total: 3.9s
============================================================
============================================================
  SISTEMA DE ENVIO AUTOMÁTICO — REPORT OPERACIONAL ELDORADO
  Início: 28/05/2026 11:24:38
============================================================
[LOG] Destinatários configurados (1):
       → gustavo.carmo@eldoradobrasil.com.br
[LOG] Verificando existência do arquivo: C:\Users\ext.matheusmm\Desktop\Relatório Estoque 28_05_2026.xlsx
[LOG] Abrindo planilha...
[LOG] Lendo aba: 'Resumo'...
C:\Users\ext.matheusmm\Documents\Envio de Emails\.venv\Lib\site-packages\openpyxl\worksheet\_reader.py:329: UserWarning: Slicer List extension is not supported and will be removed
  warn(msg)
[LOG]   Aba carregada: 22 linhas × 24 colunas
[LOG]   Bloco 'Estoque Total — Classe TPC': 13 linhas × 8 colunas
[LOG]   Bloco 'Estoque Total — Densidade': 13 linhas × 8 colunas
[LOG]   2 sub-tabela(s) extraída(s) de 'Resumo'
[LOG] Total de sub-tabelas: 2
[LOG] Gerando imagem: 'Resumo — Estoque Total — Classe TPC'...
[LOG]   Imagem salva: report_temp_01_Resumo___Estoque_Total___Classe_TPC.png
[LOG] Gerando imagem: 'Resumo — Estoque Total — Densidade'...
[LOG]   Imagem salva: report_temp_02_Resumo___Estoque_Total___Densidade.png
[LOG] E-mail montado com sucesso.
[LOG] Criando e-mail no Outlook...
[LOG] E-mail enviado para: gustavo.carmo@eldoradobrasil.com.br
[LOG] Temporário removido: report_temp_01_Resumo___Estoque_Total___Classe_TPC.png
[LOG] Temporário removido: report_temp_02_Resumo___Estoque_Total___Densidade.png

[LOG] Duração total: 4.0s
============================================================
============================================================
  SISTEMA DE ENVIO AUTOMÁTICO — REPORT OPERACIONAL ELDORADO
  Início: 28/05/2026 11:28:50
============================================================
[LOG] Destinatários configurados (1):
       → gustavo.carmo@eldoradobrasil.com.br
[LOG] Verificando existência do arquivo: C:\Users\ext.matheusmm\Desktop\Relatório Estoque 28_05_2026.xlsx
[LOG] Abrindo planilha...
[LOG] Lendo aba: 'Resumo'...
C:\Users\ext.matheusmm\Documents\Envio de Emails\.venv\Lib\site-packages\openpyxl\worksheet\_reader.py:329: UserWarning: Slicer List extension is not supported and will be removed
  warn(msg)
[LOG]   Aba carregada: 22 linhas × 24 colunas
[LOG]   Bloco 'Estoque Total — Classe TPC': 13 linhas × 8 colunas
[LOG]   Bloco 'Estoque Total — Densidade': 13 linhas × 8 colunas
[LOG]   2 sub-tabela(s) extraída(s) de 'Resumo'
[LOG] Total de sub-tabelas: 2
[LOG] Gerando imagem: 'Resumo — Estoque Total — Classe TPC'...
[LOG]   Imagem salva: report_temp_01_Resumo___Estoque_Total___Classe_TPC.png
[LOG] Gerando imagem: 'Resumo — Estoque Total — Densidade'...
[LOG]   Imagem salva: report_temp_02_Resumo___Estoque_Total___Densidade.png
[LOG] E-mail montado com sucesso.
[LOG] Criando e-mail no Outlook...
[LOG] E-mail enviado para: gustavo.carmo@eldoradobrasil.com.br
[LOG] Temporário removido: report_temp_01_Resumo___Estoque_Total___Classe_TPC.png
[LOG] Temporário removido: report_temp_02_Resumo___Estoque_Total___Densidade.png

[LOG] Duração total: 6.5s
============================================================
============================================================
  SISTEMA DE ENVIO AUTOMÁTICO — REPORT OPERACIONAL ELDORADO
  Início: 28/05/2026 11:31:18
============================================================
[LOG] Destinatários configurados (1):
       → gustavo.carmo@eldoradobrasil.com.br
[LOG] Verificando existência do arquivo: C:\Users\ext.matheusmm\Desktop\Relatório Estoque 28_05_2026.xlsx
[LOG] Abrindo planilha...
[LOG] Lendo aba: 'Resumo'...
C:\Users\ext.matheusmm\Documents\Envio de Emails\.venv\Lib\site-packages\openpyxl\worksheet\_reader.py:329: UserWarning: Slicer List extension is not supported and will be removed
  warn(msg)
[LOG]   Aba carregada: 22 linhas × 24 colunas
[LOG]   Bloco 'Estoque Total — Classe TPC': 13 linhas × 8 colunas
[LOG]   Bloco 'Estoque Total — Densidade': 13 linhas × 8 colunas
[LOG]   2 sub-tabela(s) extraída(s) de 'Resumo'
[LOG] Total de sub-tabelas: 2
[LOG] Gerando imagem: 'Resumo — Estoque Total — Classe TPC'...
[LOG]   Imagem salva: report_temp_01_Resumo___Estoque_Total___Classe_TPC.png
[LOG] Gerando imagem: 'Resumo — Estoque Total — Densidade'...
[LOG]   Imagem salva: report_temp_02_Resumo___Estoque_Total___Densidade.png
[LOG] E-mail montado com sucesso.
[LOG] Criando e-mail no Outlook...
[LOG] E-mail enviado para: gustavo.carmo@eldoradobrasil.com.br
[LOG] Temporário removido: report_temp_01_Resumo___Estoque_Total___Classe_TPC.png
[LOG] Temporário removido: report_temp_02_Resumo___Estoque_Total___Densidade.png

[LOG] Duração total: 5.7s
============================================================
============================================================
  SISTEMA DE ENVIO AUTOMÁTICO — REPORT OPERACIONAL ELDORADO
  Início: 29/05/2026 10:37:54
============================================================
[LOG] Destinatários configurados (6):
       → gustavo.carmo@eldoradobrasil.com.br
       → alana.oliveira@eldoradobrasil.com.br
       → rogerio.araujo@eldoradobrasil.com.br
       → giovani.barbosa@eldoradobrasil.com.br
       → janaine.costa@eldoradobrasil.com.br
       → joao.gaspar@eldoradobrasil.com.br
[LOG] Verificando existência do arquivo: \\brtlgwvfs01eld\Florestal\015_Logística Florestal e Infra Estrutura\002 - Logistica Florestal\01. Base de Dados\02. Manuais\09. ChatBot\Report Operacional\Report Operacional V2.xlsx
[LOG] Abrindo planilha...
[LOG] Lendo aba: 'Volume Real Diário'...
c:\Users\ext.matheusmm\Documents\Envio de Emails\.venv\Lib\site-packages\openpyxl\worksheet\_reader.py:329: UserWarning: Slicer List extension is not supported and will be removed
  warn(msg)
[LOG]   Aba carregada: 167 linhas × 30 colunas
[LOG]   Blocos detectados: ['Vol. movimentado', 'DMT Total', 'Média Cx Carga', 'Média de Rpv']
[LOG]   Bloco 'Vol. movimentado': 14 linhas × 29 colunas
[LOG]   Bloco 'DMT Total': 14 linhas × 29 colunas
[LOG]   Bloco 'Média Cx Carga': 14 linhas × 31 colunas
[LOG]   Bloco 'Média de Rpv': 59 linhas × 31 colunas
[LOG]   4 sub-tabela(s) extraída(s) de 'Volume Real Diário'
[LOG] Total de sub-tabelas: 4
[LOG] Gerando imagem: 'Volume Real Diário — Vol. movimentado'...
[LOG]   Imagem salva: report_temp_01_Volume_Real_Diário___Vol__movimentado.png
[LOG] Gerando imagem: 'Volume Real Diário — DMT Total'...
[LOG]   Imagem salva: report_temp_02_Volume_Real_Diário___DMT_Total.png
[LOG] Gerando imagem: 'Volume Real Diário — Média Cx Carga'...

[ERRO INESPERADO] Your Styled DataFrame has more than 30 columns and will produce a huge image file, possibly causing your computer to crash. Override this error by explicitly setting `max_cols` to -1 for all columns. Styled DataFrames are unable to select a subset of rows or columns and therefore do not work with the `max_rows` and `max_cols` parameters
Traceback (most recent call last):
  File "C:\Users\ext.matheusmm\Documents\Envio de Emails\relatorios.py", line 727, in executar
    imagens      = gerar_todas_imagens(tabelas, IMAGE_BASE)
  File "C:\Users\ext.matheusmm\Documents\Envio de Emails\relatorios.py", line 545, in gerar_todas_imagens
    gerar_imagem(df, titulo, caminho)
    ~~~~~~~~~~~~^^^^^^^^^^^^^^^^^^^^^
  File "C:\Users\ext.matheusmm\Documents\Envio de Emails\relatorios.py", line 523, in gerar_imagem
    dfi.export(estilo, caminho, dpi=300, table_conversion="matplotlib", max_rows=-1)
    ~~~~~~~~~~^^^^^^^^^^^^^^^^^^^^^^^^^^^^^^^^^^^^^^^^^^^^^^^^^^^^^^^^^^^^^^^^^^^^^^
  File "c:\Users\ext.matheusmm\Documents\Envio de Emails\.venv\Lib\site-packages\dataframe_image\_pandas_accessor.py", line 222, in export
    html = generate_html(obj, filename, max_rows, max_cols)
  File "c:\Users\ext.matheusmm\Documents\Envio de Emails\.venv\Lib\site-packages\dataframe_image\_pandas_accessor.py", line 155, in generate_html
    raise ValueError(error_msg)
ValueError: Your Styled DataFrame has more than 30 columns and will produce a huge image file, possibly causing your computer to crash. Override this error by explicitly setting `max_cols` to -1 for all columns. Styled DataFrames are unable to select a subset of rows or columns and therefore do not work with the `max_rows` and `max_cols` parameters

[LOG] Duração total: 22.0s
============================================================
============================================================
  SISTEMA DE ENVIO AUTOMÁTICO — REPORT OPERACIONAL ELDORADO
  Início: 29/05/2026 10:46:53
============================================================
[LOG] Destinatários configurados (6):
       → gustavo.carmo@eldoradobrasil.com.br
       → alana.oliveira@eldoradobrasil.com.br
       → rogerio.araujo@eldoradobrasil.com.br
       → giovani.barbosa@eldoradobrasil.com.br
       → janaine.costa@eldoradobrasil.com.br
       → joao.gaspar@eldoradobrasil.com.br
[LOG] Verificando existência do arquivo: \\brtlgwvfs01eld\Florestal\015_Logística Florestal e Infra Estrutura\002 - Logistica Florestal\01. Base de Dados\02. Manuais\09. ChatBot\Report Operacional\Report Operacional V2.xlsx
[LOG] Abrindo planilha...
[LOG] Lendo aba: 'Volume Real Diário'...
c:\Users\ext.matheusmm\Documents\Envio de Emails\.venv\Lib\site-packages\openpyxl\worksheet\_reader.py:329: UserWarning: Slicer List extension is not supported and will be removed
  warn(msg)
[LOG]   Aba carregada: 167 linhas × 30 colunas
[LOG]   Blocos detectados: ['Vol. movimentado', 'DMT Total', 'Média Cx Carga', 'Média de Rpv']
[LOG]   Bloco 'Vol. movimentado': 14 linhas × 29 colunas
[LOG]   Bloco 'DMT Total': 14 linhas × 29 colunas
[LOG]   Bloco 'Média Cx Carga': 14 linhas × 31 colunas
[LOG]   Bloco 'Média de Rpv': 59 linhas × 31 colunas
[LOG]   4 sub-tabela(s) extraída(s) de 'Volume Real Diário'
[LOG] Total de sub-tabelas: 4
[LOG] Gerando imagem: 'Volume Real Diário — Vol. movimentado'...
[LOG]   Imagem salva: report_temp_01_Volume_Real_Diário___Vol__movimentado.png
[LOG] Gerando imagem: 'Volume Real Diário — DMT Total'...
[LOG]   Imagem salva: report_temp_02_Volume_Real_Diário___DMT_Total.png
[LOG] Gerando imagem: 'Volume Real Diário — Média Cx Carga'...
[LOG]   Imagem salva: report_temp_03_Volume_Real_Diário___Média_Cx_Carga.png
[LOG] Gerando imagem: 'Volume Real Diário — Média de Rpv'...
[LOG]   Imagem salva: report_temp_04_Volume_Real_Diário___Média_de_Rpv.png
[LOG] E-mail montado com sucesso.
[LOG] Criando e-mail no Outlook...
[LOG] E-mail enviado para: gustavo.carmo@eldoradobrasil.com.br, alana.oliveira@eldoradobrasil.com.br, rogerio.araujo@eldoradobrasil.com.br, giovani.barbosa@eldoradobrasil.com.br, janaine.costa@eldoradobrasil.com.br, joao.gaspar@eldoradobrasil.com.br
[LOG] Temporário removido: report_temp_01_Volume_Real_Diário___Vol__movimentado.png
[LOG] Temporário removido: report_temp_02_Volume_Real_Diário___DMT_Total.png
[LOG] Temporário removido: report_temp_03_Volume_Real_Diário___Média_Cx_Carga.png
[LOG] Temporário removido: report_temp_04_Volume_Real_Diário___Média_de_Rpv.png

[LOG] Duração total: 286.5s
============================================================
============================================================
  SISTEMA DE ENVIO AUTOMÁTICO — REPORT OPERACIONAL ELDORADO
  Início: 01/06/2026 09:41:59
============================================================
[LOG] Destinatários configurados (6):
       → gustavo.carmo@eldoradobrasil.com.br
       → alana.oliveira@eldoradobrasil.com.br
       → rogerio.araujo@eldoradobrasil.com.br
       → giovani.barbosa@eldoradobrasil.com.br
       → janaine.costa@eldoradobrasil.com.br
       → joao.gaspar@eldoradobrasil.com.br
[LOG] Verificando existência do arquivo: \\brtlgwvfs01eld\Florestal\015_Logística Florestal e Infra Estrutura\002 - Logistica Florestal\01. Base de Dados\02. Manuais\09. ChatBot\Report Operacional\Report Operacional V2.xlsx
[LOG] Abrindo planilha...
[LOG] Lendo aba: 'Volume Real Diário'...
c:\Users\ext.matheusmm\Documents\Envio de Emails\.venv\Lib\site-packages\openpyxl\worksheet\_reader.py:329: UserWarning: Slicer List extension is not supported and will be removed
  warn(msg)
[LOG]   Aba carregada: 167 linhas × 30 colunas
[LOG]   Blocos detectados: ['Vol. movimentado', 'DMT Total', 'Média Cx Carga', 'Média de Rpv']
[LOG]   Bloco 'Vol. movimentado': 14 linhas × 29 colunas
[LOG]   Bloco 'DMT Total': 14 linhas × 29 colunas
[LOG]   Bloco 'Média Cx Carga': 14 linhas × 31 colunas
[LOG]   Bloco 'Média de Rpv': 59 linhas × 31 colunas
[LOG]   4 sub-tabela(s) extraída(s) de 'Volume Real Diário'
[LOG] Total de sub-tabelas: 4
[LOG] Gerando imagem: 'Volume Real Diário — Vol. movimentado'...
[LOG]   Imagem salva: report_temp_01_Volume_Real_Diário___Vol__movimentado.png
[LOG] Gerando imagem: 'Volume Real Diário — DMT Total'...
[LOG]   Imagem salva: report_temp_02_Volume_Real_Diário___DMT_Total.png
[LOG] Gerando imagem: 'Volume Real Diário — Média Cx Carga'...
[LOG]   Imagem salva: report_temp_03_Volume_Real_Diário___Média_Cx_Carga.png
[LOG] Gerando imagem: 'Volume Real Diário — Média de Rpv'...
[LOG]   Imagem salva: report_temp_04_Volume_Real_Diário___Média_de_Rpv.png
[LOG] E-mail montado com sucesso.
[LOG] Criando e-mail no Outlook...
[LOG] E-mail enviado para: gustavo.carmo@eldoradobrasil.com.br, alana.oliveira@eldoradobrasil.com.br, rogerio.araujo@eldoradobrasil.com.br, giovani.barbosa@eldoradobrasil.com.br, janaine.costa@eldoradobrasil.com.br, joao.gaspar@eldoradobrasil.com.br
[LOG] Temporário removido: report_temp_01_Volume_Real_Diário___Vol__movimentado.png
[LOG] Temporário removido: report_temp_02_Volume_Real_Diário___DMT_Total.png
[LOG] Temporário removido: report_temp_03_Volume_Real_Diário___Média_Cx_Carga.png
[LOG] Temporário removido: report_temp_04_Volume_Real_Diário___Média_de_Rpv.png

[LOG] Duração total: 189.2s
============================================================
============================================================
  SISTEMA DE ENVIO AUTOMÁTICO — REPORT OPERACIONAL ELDORADO
  Início: 01/06/2026 10:04:14
============================================================
[LOG] Destinatários configurados (6):
       → gustavo.carmo@eldoradobrasil.com.br
       → alana.oliveira@eldoradobrasil.com.br
       → rogerio.araujo@eldoradobrasil.com.br
       → giovani.barbosa@eldoradobrasil.com.br
       → janaine.costa@eldoradobrasil.com.br
       → joao.gaspar@eldoradobrasil.com.br
[LOG] Verificando existência do arquivo: \\brtlgwvfs01eld\Florestal\015_Logística Florestal e Infra Estrutura\002 - Logistica Florestal\01. Base de Dados\02. Manuais\09. ChatBot\Report Operacional\Report Operacional V2.xlsx
[LOG] Abrindo planilha...
[LOG] Lendo aba: 'Volume Real Diário'...
c:\Users\ext.matheusmm\Documents\Envio de Emails\.venv\Lib\site-packages\openpyxl\worksheet\_reader.py:329: UserWarning: Slicer List extension is not supported and will be removed
  warn(msg)
[LOG]   Aba carregada: 167 linhas × 30 colunas
[LOG]   Blocos detectados: ['Vol. movimentado', 'DMT Total', 'Média Cx Carga', 'Média de Rpv']
[LOG]   Bloco 'Vol. movimentado': 14 linhas × 29 colunas
[LOG]   Bloco 'DMT Total': 14 linhas × 29 colunas
[LOG]   Bloco 'Média Cx Carga': 14 linhas × 31 colunas
[LOG]   Bloco 'Média de Rpv': 59 linhas × 31 colunas
[LOG]   4 sub-tabela(s) extraída(s) de 'Volume Real Diário'
[LOG] Total de sub-tabelas: 4
[LOG] Gerando imagem: 'Volume Real Diário — Vol. movimentado'...
[LOG]   Imagem salva: report_temp_01_Volume_Real_Diário___Vol__movimentado.png
[LOG] Gerando imagem: 'Volume Real Diário — DMT Total'...
[LOG]   Imagem salva: report_temp_02_Volume_Real_Diário___DMT_Total.png
[LOG] Gerando imagem: 'Volume Real Diário — Média Cx Carga'...

[LOG] Duração total: 45.2s
============================================================
Traceback (most recent call last):
  File "C:\Users\ext.matheusmm\Documents\Envio de Emails\relatorios.py", line 777, in <module>
    executar()
    ~~~~~~~~^^
  File "C:\Users\ext.matheusmm\Documents\Envio de Emails\relatorios.py", line 735, in executar
    imagens      = gerar_todas_imagens(tabelas, IMAGE_BASE)
  File "C:\Users\ext.matheusmm\Documents\Envio de Emails\relatorios.py", line 553, in gerar_todas_imagens
    gerar_imagem(df, titulo, caminho)
    ~~~~~~~~~~~~^^^^^^^^^^^^^^^^^^^^^
  File "C:\Users\ext.matheusmm\Documents\Envio de Emails\relatorios.py", line 539, in gerar_imagem
    img      = img.resize(new_size, Image.LANCZOS)
  File "c:\Users\ext.matheusmm\Documents\Envio de Emails\.venv\Lib\site-packages\PIL\Image.py", line 2408, in resize
    im = im.resize(size, resample, box)
  File "c:\Users\ext.matheusmm\Documents\Envio de Emails\.venv\Lib\site-packages\PIL\Image.py", line 2437, in resize
    im = self.im.resize(size, resample, box)
KeyboardInterrupt
============================================================
  SISTEMA DE ENVIO AUTOMÁTICO — REPORT OPERACIONAL ELDORADO
  Início: 01/06/2026 10:35:38
============================================================
[LOG] Destinatários configurados (6):
       → gustavo.carmo@eldoradobrasil.com.br
       → alana.oliveira@eldoradobrasil.com.br
       → rogerio.araujo@eldoradobrasil.com.br
       → giovani.barbosa@eldoradobrasil.com.br
       → janaine.costa@eldoradobrasil.com.br
       → joao.gaspar@eldoradobrasil.com.br
[LOG] Verificando existência do arquivo: \\brtlgwvfs01eld\Florestal\015_Logística Florestal e Infra Estrutura\002 - Logistica Florestal\01. Base de Dados\02. Manuais\09. ChatBot\Report Operacional\Report Operacional V2.xlsx
[LOG] Abrindo planilha...
[LOG] Lendo aba: 'Volume Real Diário'...
c:\Users\ext.matheusmm\Documents\Envio de Emails\.venv\Lib\site-packages\openpyxl\worksheet\_reader.py:329: UserWarning: Slicer List extension is not supported and will be removed
  warn(msg)
[LOG]   Aba carregada: 168 linhas × 33 colunas
[LOG]   Blocos detectados: ['Vol. movimentado', 'DMT Total', 'Média Cx Carga', 'Média de Rpv']
[LOG]   Bloco 'Vol. movimentado': 14 linhas × 32 colunas
[LOG]   Bloco 'DMT Total': 14 linhas × 32 colunas
[LOG]   Bloco 'Média Cx Carga': 14 linhas × 34 colunas
[LOG]   Bloco 'Média de Rpv': 60 linhas × 34 colunas
[LOG]   4 sub-tabela(s) extraída(s) de 'Volume Real Diário'
[LOG] Total de sub-tabelas: 4
[LOG] Gerando imagem: 'Volume Real Diário — Vol. movimentado'...
[LOG]   Imagem salva: report_temp_01_Volume_Real_Diário___Vol__movimentado.png
[LOG] Gerando imagem: 'Volume Real Diário — DMT Total'...
[LOG]   Imagem salva: report_temp_02_Volume_Real_Diário___DMT_Total.png
[LOG] Gerando imagem: 'Volume Real Diário — Média Cx Carga'...
[LOG]   Imagem salva: report_temp_03_Volume_Real_Diário___Média_Cx_Carga.png
[LOG] Gerando imagem: 'Volume Real Diário — Média de Rpv'...

[ERRO INESPERADO] unknown error
Traceback (most recent call last):
  File "C:\Users\ext.matheusmm\Documents\Envio de Emails\relatorios.py", line 735, in executar
    imagens      = gerar_todas_imagens(tabelas, IMAGE_BASE)
  File "C:\Users\ext.matheusmm\Documents\Envio de Emails\relatorios.py", line 553, in gerar_todas_imagens
    gerar_imagem(df, titulo, caminho)
    ~~~~~~~~~~~~^^^^^^^^^^^^^^^^^^^^^
  File "C:\Users\ext.matheusmm\Documents\Envio de Emails\relatorios.py", line 523, in gerar_imagem
    dfi.export(
    ~~~~~~~~~~^
        estilo,
        ^^^^^^^
    ...<4 lines>...
        max_cols=-1   # força exportar todas as colunas
        ^^^^^^^^^^^^^^^^^^^^^^^^^^^^^^^^^^^^^^^^^^^^^^^
    )
    ^
  File "c:\Users\ext.matheusmm\Documents\Envio de Emails\.venv\Lib\site-packages\dataframe_image\_pandas_accessor.py", line 225, in export
    img_str = converter(html)
  File "c:\Users\ext.matheusmm\Documents\Envio de Emails\.venv\Lib\site-packages\dataframe_image\converter\matplotlib_table.py", line 342, in run
    self.rows, self.num_header_rows = self.parse_html(self.tree)
                                      ~~~~~~~~~~~~~~~^^^^^^^^^^^
  File "c:\Users\ext.matheusmm\Documents\Envio de Emails\.venv\Lib\site-packages\dataframe_image\converter\matplotlib_table.py", line 43, in parse_html
    rows, num_header_rows = self.parse_into_rows(tree)
                            ~~~~~~~~~~~~~~~~~~~~^^^^^^
  File "c:\Users\ext.matheusmm\Documents\Envio de Emails\.venv\Lib\site-packages\dataframe_image\converter\matplotlib_table.py", line 136, in parse_into_rows
    rows.append(parse_row(row))
                ~~~~~~~~~^^^^^
  File "c:\Users\ext.matheusmm\Documents\Envio de Emails\.venv\Lib\site-packages\dataframe_image\converter\matplotlib_table.py", line 110, in parse_row
    get_property(el, "background-color"),
    ~~~~~~~~~~~~^^^^^^^^^^^^^^^^^^^^^^^^
  File "c:\Users\ext.matheusmm\Documents\Envio de Emails\.venv\Lib\site-packages\dataframe_image\converter\matplotlib_table.py", line 87, in get_property
    matching = cssselector(element)
  File "src/lxml/xpath.pxi", line 428, in lxml.etree.XPath.__call__
  File "src/lxml/xpath.pxi", line 210, in lxml.etree._XPathEvaluatorBase._handle_result
lxml.etree.XPathEvalError: unknown error

[LOG] Duração total: 54.6s
============================================================
============================================================
  SISTEMA DE ENVIO AUTOMÁTICO — REPORT OPERACIONAL ELDORADO
  Início: 01/06/2026 10:45:06
============================================================
[LOG] Destinatários configurados (6):
       → gustavo.carmo@eldoradobrasil.com.br
       → alana.oliveira@eldoradobrasil.com.br
       → rogerio.araujo@eldoradobrasil.com.br
       → giovani.barbosa@eldoradobrasil.com.br
       → janaine.costa@eldoradobrasil.com.br
       → joao.gaspar@eldoradobrasil.com.br
[LOG] Verificando existência do arquivo: \\brtlgwvfs01eld\Florestal\015_Logística Florestal e Infra Estrutura\002 - Logistica Florestal\01. Base de Dados\02. Manuais\09. ChatBot\Report Operacional\Report Operacional V2.xlsx
[LOG] Abrindo planilha...
[LOG] Lendo aba: 'Volume Real Diário'...
C:\Users\ext.matheusmm\Documents\Envio de Emails\.venv\Lib\site-packages\openpyxl\worksheet\_reader.py:329: UserWarning: Slicer List extension is not supported and will be removed
  warn(msg)
[LOG]   Aba carregada: 168 linhas × 33 colunas
[LOG]   Blocos detectados: ['Vol. movimentado', 'DMT Total', 'Média Cx Carga', 'Média de Rpv']
[LOG]   Bloco 'Vol. movimentado': 14 linhas × 32 colunas
[LOG]   Bloco 'DMT Total': 14 linhas × 32 colunas
[LOG]   Bloco 'Média Cx Carga': 14 linhas × 34 colunas
[LOG]   Bloco 'Média de Rpv': 60 linhas × 34 colunas
[LOG]   4 sub-tabela(s) extraída(s) de 'Volume Real Diário'
[LOG] Total de sub-tabelas: 4
[LOG] Gerando imagem: 'Volume Real Diário — Vol. movimentado'...
[LOG]   Imagem salva: report_temp_01_Volume_Real_Diário___Vol__movimentado.png
[LOG] Gerando imagem: 'Volume Real Diário — DMT Total'...
[LOG]   Imagem salva: report_temp_02_Volume_Real_Diário___DMT_Total.png
[LOG] Gerando imagem: 'Volume Real Diário — Média Cx Carga'...
[LOG]   Imagem salva: report_temp_03_Volume_Real_Diário___Média_Cx_Carga.png
[LOG] Gerando imagem: 'Volume Real Diário — Média de Rpv'...

[ERRO INESPERADO] unknown error
Traceback (most recent call last):
  File "c:\Users\ext.matheusmm\Documents\Envio de Emails\relatorios.py", line 735, in executar
    imagens      = gerar_todas_imagens(tabelas, IMAGE_BASE)
  File "c:\Users\ext.matheusmm\Documents\Envio de Emails\relatorios.py", line 553, in gerar_todas_imagens
    gerar_imagem(df, titulo, caminho)
    ~~~~~~~~~~~~^^^^^^^^^^^^^^^^^^^^^
  File "c:\Users\ext.matheusmm\Documents\Envio de Emails\relatorios.py", line 523, in gerar_imagem
    dfi.export(
    ~~~~~~~~~~^
        estilo,
        ^^^^^^^
    ...<4 lines>...
        max_cols=-1   # força exportar todas as colunas
        ^^^^^^^^^^^^^^^^^^^^^^^^^^^^^^^^^^^^^^^^^^^^^^^
    )
    ^
  File "C:\Users\ext.matheusmm\Documents\Envio de Emails\.venv\Lib\site-packages\dataframe_image\_pandas_accessor.py", line 225, in export
    img_str = converter(html)
  File "C:\Users\ext.matheusmm\Documents\Envio de Emails\.venv\Lib\site-packages\dataframe_image\converter\matplotlib_table.py", line 342, in run
    self.rows, self.num_header_rows = self.parse_html(self.tree)
                                      ~~~~~~~~~~~~~~~^^^^^^^^^^^
  File "C:\Users\ext.matheusmm\Documents\Envio de Emails\.venv\Lib\site-packages\dataframe_image\converter\matplotlib_table.py", line 43, in parse_html
    rows, num_header_rows = self.parse_into_rows(tree)
                            ~~~~~~~~~~~~~~~~~~~~^^^^^^
  File "C:\Users\ext.matheusmm\Documents\Envio de Emails\.venv\Lib\site-packages\dataframe_image\converter\matplotlib_table.py", line 136, in parse_into_rows
    rows.append(parse_row(row))
                ~~~~~~~~~^^^^^
  File "C:\Users\ext.matheusmm\Documents\Envio de Emails\.venv\Lib\site-packages\dataframe_image\converter\matplotlib_table.py", line 110, in parse_row
    get_property(el, "background-color"),
    ~~~~~~~~~~~~^^^^^^^^^^^^^^^^^^^^^^^^
  File "C:\Users\ext.matheusmm\Documents\Envio de Emails\.venv\Lib\site-packages\dataframe_image\converter\matplotlib_table.py", line 87, in get_property
    matching = cssselector(element)
  File "src/lxml/xpath.pxi", line 428, in lxml.etree.XPath.__call__
  File "src/lxml/xpath.pxi", line 210, in lxml.etree._XPathEvaluatorBase._handle_result
lxml.etree.XPathEvalError: unknown error

[LOG] Duração total: 21.2s
============================================================
============================================================
  SISTEMA DE ENVIO AUTOMÁTICO — REPORT OPERACIONAL ELDORADO
  Início: 01/06/2026 10:47:59
============================================================
[LOG] Destinatários configurados (6):
       → gustavo.carmo@eldoradobrasil.com.br
       → alana.oliveira@eldoradobrasil.com.br
       → rogerio.araujo@eldoradobrasil.com.br
       → giovani.barbosa@eldoradobrasil.com.br
       → janaine.costa@eldoradobrasil.com.br
       → joao.gaspar@eldoradobrasil.com.br
[LOG] Verificando existência do arquivo: \\brtlgwvfs01eld\Florestal\015_Logística Florestal e Infra Estrutura\002 - Logistica Florestal\01. Base de Dados\02. Manuais\09. ChatBot\Report Operacional\Report Operacional V2.xlsx
[LOG] Abrindo planilha...
[LOG] Lendo aba: 'Volume Real Diário'...
C:\Users\ext.matheusmm\Documents\Envio de Emails\.venv\Lib\site-packages\openpyxl\worksheet\_reader.py:329: UserWarning: Slicer List extension is not supported and will be removed
  warn(msg)
[LOG]   Aba carregada: 168 linhas × 33 colunas
[LOG]   Blocos detectados: ['Vol. movimentado', 'DMT Total', 'Média Cx Carga', 'Média de Rpv']
[LOG]   Bloco 'Vol. movimentado': 14 linhas × 32 colunas
[LOG]   Bloco 'DMT Total': 14 linhas × 32 colunas
[LOG]   Bloco 'Média Cx Carga': 14 linhas × 34 colunas
[LOG]   Bloco 'Média de Rpv': 60 linhas × 34 colunas
[LOG]   4 sub-tabela(s) extraída(s) de 'Volume Real Diário'
[LOG] Total de sub-tabelas: 4
[LOG] Gerando imagem: 'Volume Real Diário — Vol. movimentado'...
[LOG]   Imagem salva: report_temp_01_Volume_Real_Diário___Vol__movimentado.png
[LOG] Gerando imagem: 'Volume Real Diário — DMT Total'...
[LOG]   Imagem salva: report_temp_02_Volume_Real_Diário___DMT_Total.png
[LOG] Gerando imagem: 'Volume Real Diário — Média Cx Carga'...
[LOG]   Imagem salva: report_temp_03_Volume_Real_Diário___Média_Cx_Carga.png
[LOG] Gerando imagem: 'Volume Real Diário — Média de Rpv'...
(60, 34)
['Fazenda/Categoria', 'Fazenda/Categoria.1', 'Fazenda/Categoria.2', 'Fazenda/Categoria.3', '01/05', '02/05', '03/05', '04/05', '05/05', '06/05', '07/05', '08/05', '09/05', '10/05', '11/05', '12/05', '13/05', '14/05', '15/05', '16/05', '17/05', '19/05', '20/05', '21/05', '22/05', '23/05', '24/05', '25/05', '26/05', '27/05', '28/05', '29/05', '30/05', '31/05']
Fazenda/Categoria      str
Fazenda/Categoria.1    str
Fazenda/Categoria.2    str
Fazenda/Categoria.3    str
01/05                  str
02/05                  str
03/05                  str
04/05                  str
05/05                  str
06/05                  str
07/05                  str
08/05                  str
09/05                  str
10/05                  str
11/05                  str
12/05                  str
13/05                  str
14/05                  str
15/05                  str
16/05                  str
17/05                  str
19/05                  str
20/05                  str
21/05                  str
22/05                  str
23/05                  str
24/05                  str
25/05                  str
26/05                  str
27/05                  str
28/05                  str
29/05                  str
30/05                  str
31/05                  str
dtype: object
            Fazenda/Categoria Fazenda/Categoria.1         Fazenda/Categoria.2 Fazenda/Categoria.3  ...   28/05   29/05   30/05   31/05
0     Tora Celulose Sem Casca                   —     Tora Celulose Sem Casca                   —  ...  860,10  853,08  843,10  846,63
1           Barranco Vermelho                   —           Barranco Vermelho                   —  ...       —       —       —       —
2          Caiçara III-Garcia                   —          Caiçara III-Garcia                   —  ...       —       —       —       —
3          Debrasa-Energética                   —          Debrasa-Energética                   —  ...  821,66  846,51  831,74  833,63
4  Dois Irmãos-Valque Ribeiro                   —  Dois Irmãos-Valque Ribeiro                   —  ...       —       —       —       —

[5 rows x 34 columns]

[ERRO INESPERADO] unknown error
Traceback (most recent call last):
  File "c:\Users\ext.matheusmm\Documents\Envio de Emails\relatorios.py", line 740, in executar
    imagens      = gerar_todas_imagens(tabelas, IMAGE_BASE)
  File "c:\Users\ext.matheusmm\Documents\Envio de Emails\relatorios.py", line 558, in gerar_todas_imagens
    gerar_imagem(df, titulo, caminho)
    ~~~~~~~~~~~~^^^^^^^^^^^^^^^^^^^^^
  File "c:\Users\ext.matheusmm\Documents\Envio de Emails\relatorios.py", line 528, in gerar_imagem
    dfi.export(
    ~~~~~~~~~~^
        estilo,
        ^^^^^^^
    ...<4 lines>...
        max_cols=-1   # força exportar todas as colunas
        ^^^^^^^^^^^^^^^^^^^^^^^^^^^^^^^^^^^^^^^^^^^^^^^
    )
    ^
  File "C:\Users\ext.matheusmm\Documents\Envio de Emails\.venv\Lib\site-packages\dataframe_image\_pandas_accessor.py", line 225, in export
    img_str = converter(html)
  File "C:\Users\ext.matheusmm\Documents\Envio de Emails\.venv\Lib\site-packages\dataframe_image\converter\matplotlib_table.py", line 342, in run
    self.rows, self.num_header_rows = self.parse_html(self.tree)
                                      ~~~~~~~~~~~~~~~^^^^^^^^^^^
  File "C:\Users\ext.matheusmm\Documents\Envio de Emails\.venv\Lib\site-packages\dataframe_image\converter\matplotlib_table.py", line 43, in parse_html
    rows, num_header_rows = self.parse_into_rows(tree)
                            ~~~~~~~~~~~~~~~~~~~~^^^^^^
  File "C:\Users\ext.matheusmm\Documents\Envio de Emails\.venv\Lib\site-packages\dataframe_image\converter\matplotlib_table.py", line 136, in parse_into_rows
    rows.append(parse_row(row))
                ~~~~~~~~~^^^^^
  File "C:\Users\ext.matheusmm\Documents\Envio de Emails\.venv\Lib\site-packages\dataframe_image\converter\matplotlib_table.py", line 110, in parse_row
    get_property(el, "background-color"),
    ~~~~~~~~~~~~^^^^^^^^^^^^^^^^^^^^^^^^
  File "C:\Users\ext.matheusmm\Documents\Envio de Emails\.venv\Lib\site-packages\dataframe_image\converter\matplotlib_table.py", line 87, in get_property
    matching = cssselector(element)
  File "src/lxml/xpath.pxi", line 428, in lxml.etree.XPath.__call__
  File "src/lxml/xpath.pxi", line 210, in lxml.etree._XPathEvaluatorBase._handle_result
lxml.etree.XPathEvalError: unknown error

[LOG] Duração total: 38.6s
============================================================
============================================================
  SISTEMA DE ENVIO AUTOMÁTICO — REPORT OPERACIONAL ELDORADO
  Início: 02/06/2026 08:23:23
============================================================
[LOG] Destinatários configurados (6):
       → gustavo.carmo@eldoradobrasil.com.br
       → alana.oliveira@eldoradobrasil.com.br
       → rogerio.araujo@eldoradobrasil.com.br
       → giovani.barbosa@eldoradobrasil.com.br
       → janaine.costa@eldoradobrasil.com.br
       → joao.gaspar@eldoradobrasil.com.br
[LOG] Verificando existência do arquivo: \\brtlgwvfs01eld\Florestal\015_Logística Florestal e Infra Estrutura\002 - Logistica Florestal\01. Base de Dados\02. Manuais\09. ChatBot\Report Operacional\Report Operacional V2.xlsx
[LOG] Abrindo planilha...
[LOG] Lendo aba: 'Volume Real Diário'...
C:\Users\ext.matheusmm\Documents\Envio de Emails\.venv\Lib\site-packages\openpyxl\worksheet\_reader.py:329: UserWarning: Slicer List extension is not supported and will be removed
  warn(msg)
[LOG]   Aba carregada: 168 linhas × 33 colunas
[LOG]   Blocos detectados: ['Vol. movimentado', 'DMT Total', 'Média Cx Carga', 'Média de Rpv']
[LOG]   Bloco 'Vol. movimentado': 14 linhas × 32 colunas
[LOG]   Bloco 'DMT Total': 14 linhas × 32 colunas
[LOG]   Bloco 'Média Cx Carga': 14 linhas × 34 colunas
[LOG]   Bloco 'Média de Rpv': 60 linhas × 34 colunas
[LOG]   4 sub-tabela(s) extraída(s) de 'Volume Real Diário'
[LOG] Total de sub-tabelas: 4
[LOG] Gerando imagem: 'Volume Real Diário — Vol. movimentado'...
[LOG]   Imagem salva: report_temp_01_Volume_Real_Diário___Vol__movimentado.png
[LOG] Gerando imagem: 'Volume Real Diário — DMT Total'...
[LOG]   Imagem salva: report_temp_02_Volume_Real_Diário___DMT_Total.png
[LOG] Gerando imagem: 'Volume Real Diário — Média Cx Carga'...
[LOG]   Imagem salva: report_temp_03_Volume_Real_Diário___Média_Cx_Carga.png
[LOG] Gerando imagem: 'Volume Real Diário — Média de Rpv'...
(60, 34)
['Fazenda/Categoria', 'Fazenda/Categoria.1', 'Fazenda/Categoria.2', 'Fazenda/Categoria.3', '01/05', '02/05', '03/05', '04/05', '05/05', '06/05', '07/05', '08/05', '09/05', '10/05', '11/05', '12/05', '13/05', '14/05', '15/05', '16/05', '17/05', '19/05', '20/05', '21/05', '22/05', '23/05', '24/05', '25/05', '26/05', '27/05', '28/05', '29/05', '30/05', '31/05']
Fazenda/Categoria      str
Fazenda/Categoria.1    str
Fazenda/Categoria.2    str
Fazenda/Categoria.3    str
01/05                  str
02/05                  str
03/05                  str
04/05                  str
05/05                  str
06/05                  str
07/05                  str
08/05                  str
09/05                  str
10/05                  str
11/05                  str
12/05                  str
13/05                  str
14/05                  str
15/05                  str
16/05                  str
17/05                  str
19/05                  str
20/05                  str
21/05                  str
22/05                  str
23/05                  str
24/05                  str
25/05                  str
26/05                  str
27/05                  str
28/05                  str
29/05                  str
30/05                  str
31/05                  str
dtype: object
            Fazenda/Categoria Fazenda/Categoria.1         Fazenda/Categoria.2 Fazenda/Categoria.3  ...   28/05   29/05   30/05   31/05
0     Tora Celulose Sem Casca                   —     Tora Celulose Sem Casca                   —  ...  860,10  853,08  843,10  846,63
1           Barranco Vermelho                   —           Barranco Vermelho                   —  ...       —       —       —       —
2          Caiçara III-Garcia                   —          Caiçara III-Garcia                   —  ...       —       —       —       —
3          Debrasa-Energética                   —          Debrasa-Energética                   —  ...  821,66  846,51  831,74  833,63
4  Dois Irmãos-Valque Ribeiro                   —  Dois Irmãos-Valque Ribeiro                   —  ...       —       —       —       —

[5 rows x 34 columns]

[ERRO INESPERADO] unknown error
Traceback (most recent call last):
  File "c:\Users\ext.matheusmm\Documents\Envio de Emails\relatorios.py", line 740, in executar
    imagens      = gerar_todas_imagens(tabelas, IMAGE_BASE)
  File "c:\Users\ext.matheusmm\Documents\Envio de Emails\relatorios.py", line 558, in gerar_todas_imagens
    gerar_imagem(df, titulo, caminho)
    ~~~~~~~~~~~~^^^^^^^^^^^^^^^^^^^^^
  File "c:\Users\ext.matheusmm\Documents\Envio de Emails\relatorios.py", line 528, in gerar_imagem
    dfi.export(
    ~~~~~~~~~~^
        estilo,
        ^^^^^^^
    ...<4 lines>...
        max_cols=-1   # força exportar todas as colunas
        ^^^^^^^^^^^^^^^^^^^^^^^^^^^^^^^^^^^^^^^^^^^^^^^
    )
    ^
  File "C:\Users\ext.matheusmm\Documents\Envio de Emails\.venv\Lib\site-packages\dataframe_image\_pandas_accessor.py", line 225, in export
    img_str = converter(html)
  File "C:\Users\ext.matheusmm\Documents\Envio de Emails\.venv\Lib\site-packages\dataframe_image\converter\matplotlib_table.py", line 342, in run
    self.rows, self.num_header_rows = self.parse_html(self.tree)
                                      ~~~~~~~~~~~~~~~^^^^^^^^^^^
  File "C:\Users\ext.matheusmm\Documents\Envio de Emails\.venv\Lib\site-packages\dataframe_image\converter\matplotlib_table.py", line 43, in parse_html
    rows, num_header_rows = self.parse_into_rows(tree)
                            ~~~~~~~~~~~~~~~~~~~~^^^^^^
  File "C:\Users\ext.matheusmm\Documents\Envio de Emails\.venv\Lib\site-packages\dataframe_image\converter\matplotlib_table.py", line 136, in parse_into_rows
    rows.append(parse_row(row))
                ~~~~~~~~~^^^^^
  File "C:\Users\ext.matheusmm\Documents\Envio de Emails\.venv\Lib\site-packages\dataframe_image\converter\matplotlib_table.py", line 110, in parse_row
    get_property(el, "background-color"),
    ~~~~~~~~~~~~^^^^^^^^^^^^^^^^^^^^^^^^
  File "C:\Users\ext.matheusmm\Documents\Envio de Emails\.venv\Lib\site-packages\dataframe_image\converter\matplotlib_table.py", line 87, in get_property
    matching = cssselector(element)
  File "src/lxml/xpath.pxi", line 428, in lxml.etree.XPath.__call__
  File "src/lxml/xpath.pxi", line 210, in lxml.etree._XPathEvaluatorBase._handle_result
lxml.etree.XPathEvalError: unknown error

[LOG] Duração total: 22.2s
============================================================
C:\Users\ext.matheusmm\AppData\Local\Programs\Python\Python313\Lib\site-packages\requests\__init__.py:113: RequestsDependencyWarning: urllib3 (2.6.3) or chardet (7.4.3)/charset_normalizer (3.4.6) doesn't match a supported version!
  warnings.warn(
============================================================
  SISTEMA DE ENVIO AUTOMÁTICO — REPORT OPERACIONAL ELDORADO
  Início: 02/06/2026 08:37:17
============================================================
[LOG] Destinatários configurados (1):
       → gustavo.carmo@eldoradobrasil.com.br
[LOG] Verificando existência do arquivo: C:\Users\ext.matheusmm\Desktop\Relatório Estoque 28_05_2026.xlsx
[LOG] Abrindo planilha...
[LOG] Lendo aba: 'Resumo'...
C:\Users\ext.matheusmm\AppData\Local\Programs\Python\Python313\Lib\site-packages\openpyxl\worksheet\_reader.py:329: UserWarning: Slicer List extension is not supported and will be removed
  warn(msg)
[LOG]   Aba carregada: 22 linhas × 24 colunas
[LOG]   Bloco 'Estoque Total — Classe TPC': 13 linhas × 8 colunas
[LOG]   Bloco 'Estoque Total — Densidade': 13 linhas × 8 colunas
[LOG]   2 sub-tabela(s) extraída(s) de 'Resumo'
[LOG] Total de sub-tabelas: 2
[LOG] Gerando imagem: 'Resumo — Estoque Total — Classe TPC'...
[LOG]   Imagem salva: report_temp_01_Resumo___Estoque_Total___Classe_TPC.png
[LOG] Gerando imagem: 'Resumo — Estoque Total — Densidade'...
[LOG]   Imagem salva: report_temp_02_Resumo___Estoque_Total___Densidade.png
[LOG] E-mail montado com sucesso.
[LOG] Criando e-mail no Outlook...
[LOG] Temporário removido: report_temp_01_Resumo___Estoque_Total___Classe_TPC.png
[LOG] Temporário removido: report_temp_02_Resumo___Estoque_Total___Densidade.png

[LOG] Duração total: 6.5s
============================================================
Traceback (most recent call last):
  File "C:\Users\ext.matheusmm\AppData\Local\Programs\Python\Python313\Lib\site-packages\win32com\client\dynamic.py", line 81, in _GetGoodDispatch
    IDispatch = pythoncom.connect(IDispatch)
pywintypes.com_error: (-2147221021, 'Operação não disponível', None, None)

During handling of the above exception, another exception occurred:

Traceback (most recent call last):
  File "C:\Users\ext.matheusmm\Documents\Envio de Emails\tpc_vol.py", line 922, in <module>
    executar()
    ~~~~~~~~^^
  File "C:\Users\ext.matheusmm\Documents\Envio de Emails\tpc_vol.py", line 891, in executar
    enviar_email(
    ~~~~~~~~~~~~^
        html_body       = html_body,
        ^^^^^^^^^^^^^^^^^^^^^^^^^^^^
    ...<4 lines>...
        anexos          = anexos,
        ^^^^^^^^^^^^^^^^^^^^^^^^^
    )
    ^
  File "C:\Users\ext.matheusmm\Documents\Envio de Emails\tpc_vol.py", line 792, in enviar_email
    outlook = win32com.client.Dispatch("Outlook.Application")
  File "C:\Users\ext.matheusmm\AppData\Local\Programs\Python\Python313\Lib\site-packages\win32com\client\__init__.py", line 116, in Dispatch
    dispatch, userName = dynamic._GetGoodDispatchAndUserName(dispatch, userName, clsctx)
                         ~~~~~~~~~~~~~~~~~~~~~~~~~~~~~~~~~~~^^^^^^^^^^^^^^^^^^^^^^^^^^^^
  File "C:\Users\ext.matheusmm\AppData\Local\Programs\Python\Python313\Lib\site-packages\win32com\client\dynamic.py", line 101, in _GetGoodDispatchAndUserName
    return (_GetGoodDispatch(IDispatch, clsctx), userName)
            ~~~~~~~~~~~~~~~~^^^^^^^^^^^^^^^^^^^
  File "C:\Users\ext.matheusmm\AppData\Local\Programs\Python\Python313\Lib\site-packages\win32com\client\dynamic.py", line 83, in _GetGoodDispatch
    IDispatch = pythoncom.CoCreateInstance(
        IDispatch, None, clsctx, pythoncom.IID_IDispatch
    )
KeyboardInterrupt
C:\Users\ext.matheusmm\AppData\Local\Programs\Python\Python313\Lib\site-packages\requests\__init__.py:113: RequestsDependencyWarning: urllib3 (2.6.3) or chardet (7.4.3)/charset_normalizer (3.4.6) doesn't match a supported version!
  warnings.warn(
============================================================
  SISTEMA DE ENVIO AUTOMÁTICO — REPORT OPERACIONAL ELDORADO
  Início: 02/06/2026 08:38:01
============================================================
[LOG] Destinatários configurados (6):
       → gustavo.carmo@eldoradobrasil.com.br
       → alana.oliveira@eldoradobrasil.com.br
       → rogerio.araujo@eldoradobrasil.com.br
       → giovani.barbosa@eldoradobrasil.com.br
       → janaine.costa@eldoradobrasil.com.br
       → joao.gaspar@eldoradobrasil.com.br
[LOG] Verificando existência do arquivo: C:\Users\ext.matheusmm\Desktop\Relatório Estoque 28_05_2026.xlsx
[LOG] Abrindo planilha...
[LOG] Lendo aba: 'Resumo'...
C:\Users\ext.matheusmm\AppData\Local\Programs\Python\Python313\Lib\site-packages\openpyxl\worksheet\_reader.py:329: UserWarning: Slicer List extension is not supported and will be removed
  warn(msg)
[LOG]   Aba carregada: 22 linhas × 24 colunas
[LOG]   Bloco 'Estoque Total — Classe TPC': 13 linhas × 8 colunas
[LOG]   Bloco 'Estoque Total — Densidade': 13 linhas × 8 colunas
[LOG]   2 sub-tabela(s) extraída(s) de 'Resumo'
[LOG] Total de sub-tabelas: 2
[LOG] Gerando imagem: 'Resumo — Estoque Total — Classe TPC'...
[LOG]   Imagem salva: report_temp_01_Resumo___Estoque_Total___Classe_TPC.png
[LOG] Gerando imagem: 'Resumo — Estoque Total — Densidade'...
[LOG]   Imagem salva: report_temp_02_Resumo___Estoque_Total___Densidade.png
[LOG] E-mail montado com sucesso.
[LOG] Criando e-mail no Outlook...
[LOG] E-mail enviado para: gustavo.carmo@eldoradobrasil.com.br, alana.oliveira@eldoradobrasil.com.br, rogerio.araujo@eldoradobrasil.com.br, giovani.barbosa@eldoradobrasil.com.br, janaine.costa@eldoradobrasil.com.br, joao.gaspar@eldoradobrasil.com.br
[LOG] Temporário removido: report_temp_01_Resumo___Estoque_Total___Classe_TPC.png
[LOG] Temporário removido: report_temp_02_Resumo___Estoque_Total___Densidade.png

[LOG] Duração total: 8.5s
============================================================
============================================================
  SISTEMA DE ENVIO AUTOMÁTICO — REPORT OPERACIONAL ELDORADO
  Início: 02/06/2026 08:44:55
============================================================
[LOG] Destinatários configurados (6):
       → gustavo.carmo@eldoradobrasil.com.br
       → alana.oliveira@eldoradobrasil.com.br
       → rogerio.araujo@eldoradobrasil.com.br
       → giovani.barbosa@eldoradobrasil.com.br
       → janaine.costa@eldoradobrasil.com.br
       → joao.gaspar@eldoradobrasil.com.br
[LOG] Verificando existência do arquivo: \\brtlgwvfs01eld\Florestal\015_Logística Florestal e Infra Estrutura\002 - Logistica Florestal\01. Base de Dados\02. Manuais\09. ChatBot\Report Operacional\Report Operacional V2.xlsx
[LOG] Abrindo planilha...
[LOG] Lendo aba: 'Volume Real Diário'...
c:\Users\ext.matheusmm\Documents\Envio de Emails\.venv\Lib\site-packages\openpyxl\worksheet\_reader.py:329: UserWarning: Slicer List extension is not supported and will be removed
  warn(msg)
[LOG]   Aba carregada: 169 linhas × 33 colunas
[LOG]   Blocos detectados: ['Vol. movimentado', 'DMT Total', 'Média Cx Carga', 'Média de Rpv']
[LOG]   Bloco 'Vol. movimentado': 14 linhas × 32 colunas
[LOG]   Bloco 'DMT Total': 14 linhas × 32 colunas
[LOG]   Bloco 'Média Cx Carga': 14 linhas × 34 colunas
[LOG]   Bloco 'Média de Rpv': 61 linhas × 34 colunas
[LOG]   4 sub-tabela(s) extraída(s) de 'Volume Real Diário'
[LOG] Total de sub-tabelas: 4
[LOG] Gerando imagem: 'Volume Real Diário — Vol. movimentado'...
[LOG]   Imagem salva: report_temp_01_Volume_Real_Diário___Vol__movimentado.png
[LOG] Gerando imagem: 'Volume Real Diário — DMT Total'...
[LOG]   Imagem salva: report_temp_02_Volume_Real_Diário___DMT_Total.png
[LOG] Gerando imagem: 'Volume Real Diário — Média Cx Carga'...
[LOG]   Imagem salva: report_temp_03_Volume_Real_Diário___Média_Cx_Carga.png
[LOG] Gerando imagem: 'Volume Real Diário — Média de Rpv'...
(61, 34)
['Fazenda/Categoria', 'Fazenda/Categoria_1', 'Fazenda/Categoria_2', 'Fazenda/Categoria_3', '01/05', '02/05', '03/05', '04/05', '05/05', '06/05', '07/05', '08/05', '09/05', '10/05', '11/05', '12/05', '13/05', '14/05', '15/05', '16/05', '17/05', '19/05', '20/05', '21/05', '22/05', '23/05', '24/05', '25/05', '26/05', '27/05', '28/05', '29/05', '30/05', '31/05']
Fazenda/Categoria      str
Fazenda/Categoria_1    str
Fazenda/Categoria_2    str
Fazenda/Categoria_3    str
01/05                  str
02/05                  str
03/05                  str
04/05                  str
05/05                  str
06/05                  str
07/05                  str
08/05                  str
09/05                  str
10/05                  str
11/05                  str
12/05                  str
13/05                  str
14/05                  str
15/05                  str
16/05                  str
17/05                  str
19/05                  str
20/05                  str
21/05                  str
22/05                  str
23/05                  str
24/05                  str
25/05                  str
26/05                  str
27/05                  str
28/05                  str
29/05                  str
30/05                  str
31/05                  str
dtype: object
            Fazenda/Categoria Fazenda/Categoria_1         Fazenda/Categoria_2  ...   29/05   30/05   31/05
0     Tora Celulose Sem Casca                   —     Tora Celulose Sem Casca  ...  853,08  843,10  846,63
1           Barranco Vermelho                   —           Barranco Vermelho  ...       —       —       —
2          Caiçara III-Garcia                   —          Caiçara III-Garcia  ...       —       —       —
3          Debrasa-Energética                   —          Debrasa-Energética  ...  846,51  831,74  833,63
4  Dois Irmãos-Valque Ribeiro                   —  Dois Irmãos-Valque Ribeiro  ...       —       —       —

[5 rows x 34 columns]

[ERRO INESPERADO] unknown error
Traceback (most recent call last):
  File "C:\Users\ext.matheusmm\Documents\Envio de Emails\relatorios.py", line 742, in executar
    imagens      = gerar_todas_imagens(tabelas, IMAGE_BASE)
  File "C:\Users\ext.matheusmm\Documents\Envio de Emails\relatorios.py", line 560, in gerar_todas_imagens
    gerar_imagem(df, titulo, caminho)
    ~~~~~~~~~~~~^^^^^^^^^^^^^^^^^^^^^
  File "C:\Users\ext.matheusmm\Documents\Envio de Emails\relatorios.py", line 530, in gerar_imagem
    dfi.export(
    ~~~~~~~~~~^
        estilo,
        ^^^^^^^
    ...<4 lines>...
        max_cols=-1   # força exportar todas as colunas
        ^^^^^^^^^^^^^^^^^^^^^^^^^^^^^^^^^^^^^^^^^^^^^^^
    )
    ^
  File "c:\Users\ext.matheusmm\Documents\Envio de Emails\.venv\Lib\site-packages\dataframe_image\_pandas_accessor.py", line 225, in export
    img_str = converter(html)
  File "c:\Users\ext.matheusmm\Documents\Envio de Emails\.venv\Lib\site-packages\dataframe_image\converter\matplotlib_table.py", line 342, in run
    self.rows, self.num_header_rows = self.parse_html(self.tree)
                                      ~~~~~~~~~~~~~~~^^^^^^^^^^^
  File "c:\Users\ext.matheusmm\Documents\Envio de Emails\.venv\Lib\site-packages\dataframe_image\converter\matplotlib_table.py", line 43, in parse_html
    rows, num_header_rows = self.parse_into_rows(tree)
                            ~~~~~~~~~~~~~~~~~~~~^^^^^^
  File "c:\Users\ext.matheusmm\Documents\Envio de Emails\.venv\Lib\site-packages\dataframe_image\converter\matplotlib_table.py", line 136, in parse_into_rows
    rows.append(parse_row(row))
                ~~~~~~~~~^^^^^
  File "c:\Users\ext.matheusmm\Documents\Envio de Emails\.venv\Lib\site-packages\dataframe_image\converter\matplotlib_table.py", line 110, in parse_row
    get_property(el, "background-color"),
    ~~~~~~~~~~~~^^^^^^^^^^^^^^^^^^^^^^^^
  File "c:\Users\ext.matheusmm\Documents\Envio de Emails\.venv\Lib\site-packages\dataframe_image\converter\matplotlib_table.py", line 87, in get_property
    matching = cssselector(element)
  File "src/lxml/xpath.pxi", line 428, in lxml.etree.XPath.__call__
  File "src/lxml/xpath.pxi", line 210, in lxml.etree._XPathEvaluatorBase._handle_result
lxml.etree.XPathEvalError: unknown error

[LOG] Duração total: 26.6s
============================================================
============================================================
  SISTEMA DE ENVIO AUTOMÁTICO — REPORT OPERACIONAL ELDORADO
  Início: 02/06/2026 08:47:15
============================================================
[LOG] Destinatários configurados (6):
       → gustavo.carmo@eldoradobrasil.com.br
       → alana.oliveira@eldoradobrasil.com.br
       → rogerio.araujo@eldoradobrasil.com.br
       → giovani.barbosa@eldoradobrasil.com.br
       → janaine.costa@eldoradobrasil.com.br
       → joao.gaspar@eldoradobrasil.com.br
[LOG] Verificando existência do arquivo: \\brtlgwvfs01eld\Florestal\015_Logística Florestal e Infra Estrutura\002 - Logistica Florestal\01. Base de Dados\02. Manuais\09. ChatBot\Report Operacional\Report Operacional V2.xlsx
[LOG] Abrindo planilha...
[LOG] Lendo aba: 'Volume Real Diário'...
c:\Users\ext.matheusmm\Documents\Envio de Emails\.venv\Lib\site-packages\openpyxl\worksheet\_reader.py:329: UserWarning: Slicer List extension is not supported and will be removed
  warn(msg)
[LOG]   Aba carregada: 169 linhas × 33 colunas
[LOG]   Blocos detectados: ['Vol. movimentado', 'DMT Total', 'Média Cx Carga', 'Média de Rpv']
[LOG]   Bloco 'Vol. movimentado': 14 linhas × 32 colunas
[LOG]   Bloco 'DMT Total': 14 linhas × 32 colunas
[LOG]   Bloco 'Média Cx Carga': 14 linhas × 34 colunas
[LOG]   Bloco 'Média de Rpv': 61 linhas × 34 colunas
[LOG]   4 sub-tabela(s) extraída(s) de 'Volume Real Diário'
[LOG] Total de sub-tabelas: 4

[ERRO INESPERADO] name 'gerar_todas_imagens' is not defined
Traceback (most recent call last):
  File "C:\Users\ext.matheusmm\Documents\Envio de Emails\relatorios.py", line 718, in executar
    imagens      = gerar_todas_imagens(tabelas, IMAGE_BASE)
                   ^^^^^^^^^^^^^^^^^^^
NameError: name 'gerar_todas_imagens' is not defined

[LOG] Duração total: 0.5s
============================================================
============================================================
  SISTEMA DE ENVIO AUTOMÁTICO — REPORT OPERACIONAL ELDORADO
  Início: 02/06/2026 08:50:33
============================================================
[LOG] Destinatários configurados (6):
       → gustavo.carmo@eldoradobrasil.com.br
       → alana.oliveira@eldoradobrasil.com.br
       → rogerio.araujo@eldoradobrasil.com.br
       → giovani.barbosa@eldoradobrasil.com.br
       → janaine.costa@eldoradobrasil.com.br
       → joao.gaspar@eldoradobrasil.com.br
[LOG] Verificando existência do arquivo: \\brtlgwvfs01eld\Florestal\015_Logística Florestal e Infra Estrutura\002 - Logistica Florestal\01. Base de Dados\02. Manuais\09. ChatBot\Report Operacional\Report Operacional V2.xlsx
[LOG] Abrindo planilha...
[LOG] Lendo aba: 'Volume Real Diário'...
c:\Users\ext.matheusmm\Documents\Envio de Emails\.venv\Lib\site-packages\openpyxl\worksheet\_reader.py:329: UserWarning: Slicer List extension is not supported and will be removed
  warn(msg)
[LOG]   Aba carregada: 169 linhas × 33 colunas
[LOG]   Blocos detectados: ['Vol. movimentado', 'DMT Total', 'Média Cx Carga', 'Média de Rpv']
[LOG]   Bloco 'Vol. movimentado': 14 linhas × 32 colunas
[LOG]   Bloco 'DMT Total': 14 linhas × 32 colunas
[LOG]   Bloco 'Média Cx Carga': 14 linhas × 34 colunas
[LOG]   Bloco 'Média de Rpv': 61 linhas × 34 colunas
[LOG]   4 sub-tabela(s) extraída(s) de 'Volume Real Diário'
[LOG] Total de sub-tabelas: 4
[LOG] Gerando imagem: 'Volume Real Diário — Vol. movimentado'...
[LOG]   Imagem salva: report_temp_1.png
[LOG] Gerando imagem: 'Volume Real Diário — DMT Total'...
[LOG]   Imagem salva: report_temp_2.png
[LOG] Gerando imagem: 'Volume Real Diário — Média Cx Carga'...
[LOG]   Imagem salva: report_temp_3.png
[LOG] Gerando imagem: 'Volume Real Diário — Média de Rpv'...
[LOG]   Imagem salva: report_temp_4.png
[LOG] E-mail montado com sucesso.
[LOG] Criando e-mail no Outlook...
[LOG] E-mail enviado para: gustavo.carmo@eldoradobrasil.com.br, alana.oliveira@eldoradobrasil.com.br, rogerio.araujo@eldoradobrasil.com.br, giovani.barbosa@eldoradobrasil.com.br, janaine.costa@eldoradobrasil.com.br, joao.gaspar@eldoradobrasil.com.br
[LOG] Temporário removido: report_temp_1.png
[LOG] Temporário removido: report_temp_2.png
[LOG] Temporário removido: report_temp_3.png
[LOG] Temporário removido: report_temp_4.png

[LOG] Duração total: 20.0s
============================================================
============================================================
  SISTEMA DE ENVIO AUTOMÁTICO — REPORT OPERACIONAL ELDORADO
  Início: 02/06/2026 08:53:29
============================================================
[LOG] Destinatários configurados (1):
       → gustavo.carmo@eldoradobrasil.com.br
[LOG] Verificando existência do arquivo: \\brtlgwvfs01eld\Florestal\015_Logística Florestal e Infra Estrutura\002 - Logistica Florestal\01. Base de Dados\02. Manuais\09. ChatBot\Report Operacional\Report Operacional V2.xlsx
[LOG] Abrindo planilha...
[LOG] Lendo aba: 'Volume Real Diário'...
c:\Users\ext.matheusmm\Documents\Envio de Emails\.venv\Lib\site-packages\openpyxl\worksheet\_reader.py:329: UserWarning: Slicer List extension is not supported and will be removed
  warn(msg)
[LOG]   Aba carregada: 169 linhas × 33 colunas
[LOG]   Blocos detectados: ['Vol. movimentado', 'DMT Total', 'Média Cx Carga', 'Média de Rpv']
[LOG]   Bloco 'Vol. movimentado': 14 linhas × 32 colunas
[LOG]   Bloco 'DMT Total': 14 linhas × 32 colunas
[LOG]   Bloco 'Média Cx Carga': 14 linhas × 34 colunas
[LOG]   Bloco 'Média de Rpv': 61 linhas × 34 colunas
[LOG]   4 sub-tabela(s) extraída(s) de 'Volume Real Diário'
[LOG] Total de sub-tabelas: 4
[LOG] Gerando imagem: 'Volume Real Diário — Vol. movimentado'...
[LOG]   Imagem salva: report_temp_1.png
[LOG] Gerando imagem: 'Volume Real Diário — DMT Total'...
[LOG]   Imagem salva: report_temp_2.png
[LOG] Gerando imagem: 'Volume Real Diário — Média Cx Carga'...
[LOG]   Imagem salva: report_temp_3.png
[LOG] Gerando imagem: 'Volume Real Diário — Média de Rpv'...
[LOG]   Imagem salva: report_temp_4.png
[LOG] E-mail montado com sucesso.
[LOG] Criando e-mail no Outlook...
[LOG] E-mail enviado para: gustavo.carmo@eldoradobrasil.com.br
[LOG] Temporário removido: report_temp_1.png
[LOG] Temporário removido: report_temp_2.png
[LOG] Temporário removido: report_temp_3.png
[LOG] Temporário removido: report_temp_4.png

[LOG] Duração total: 15.3s
============================================================
============================================================
  SISTEMA DE ENVIO AUTOMÁTICO — REPORT OPERACIONAL ELDORADO
  Início: 02/06/2026 08:57:02
============================================================
[LOG] Destinatários configurados (1):
       → gustavo.carmo@eldoradobrasil.com.br
[LOG] Verificando existência do arquivo: \\brtlgwvfs01eld\Florestal\015_Logística Florestal e Infra Estrutura\002 - Logistica Florestal\01. Base de Dados\02. Manuais\09. ChatBot\Report Operacional\Report Operacional V2.xlsx
[LOG] Abrindo planilha...
[LOG] Lendo aba: 'Volume Real Diário'...
c:\Users\ext.matheusmm\Documents\Envio de Emails\.venv\Lib\site-packages\openpyxl\worksheet\_reader.py:329: UserWarning: Slicer List extension is not supported and will be removed
  warn(msg)
[LOG]   Aba carregada: 169 linhas × 33 colunas
[LOG]   Blocos detectados: ['Vol. movimentado', 'DMT Total', 'Média Cx Carga', 'Média de Rpv']
[LOG]   Bloco 'Vol. movimentado': 14 linhas × 32 colunas
[LOG]   Bloco 'DMT Total': 14 linhas × 32 colunas
[LOG]   Bloco 'Média Cx Carga': 14 linhas × 34 colunas
[LOG]   Bloco 'Média de Rpv': 61 linhas × 34 colunas
[LOG]   4 sub-tabela(s) extraída(s) de 'Volume Real Diário'
[LOG] Total de sub-tabelas: 4
[LOG] Gerando imagem: 'Volume Real Diário — Vol. movimentado'...
[LOG]   Imagem salva: report_temp_01_Volume_Real_Diário___Vol__movimentado.png
[LOG] Gerando imagem: 'Volume Real Diário — DMT Total'...
[LOG]   Imagem salva: report_temp_02_Volume_Real_Diário___DMT_Total.png
[LOG] Gerando imagem: 'Volume Real Diário — Média Cx Carga'...
[LOG]   Imagem salva: report_temp_03_Volume_Real_Diário___Média_Cx_Carga.png
[LOG] Gerando imagem: 'Volume Real Diário — Média de Rpv'...
[LOG]   Imagem salva: report_temp_04_Volume_Real_Diário___Média_de_Rpv.png
[LOG] E-mail montado com sucesso.
[LOG] Criando e-mail no Outlook...
[LOG] E-mail enviado para: gustavo.carmo@eldoradobrasil.com.br
[LOG] Temporário removido: report_temp_01_Volume_Real_Diário___Vol__movimentado.png
[LOG] Temporário removido: report_temp_02_Volume_Real_Diário___DMT_Total.png
[LOG] Temporário removido: report_temp_03_Volume_Real_Diário___Média_Cx_Carga.png
[LOG] Temporário removido: report_temp_04_Volume_Real_Diário___Média_de_Rpv.png

[LOG] Duração total: 13.9s
============================================================
============================================================
  SISTEMA DE ENVIO AUTOMÁTICO — REPORT OPERACIONAL ELDORADO
  Início: 02/06/2026 09:01:16
============================================================
[LOG] Destinatários configurados (1):
       → gustavo.carmo@eldoradobrasil.com.br
[LOG] Verificando existência do arquivo: \\brtlgwvfs01eld\Florestal\015_Logística Florestal e Infra Estrutura\002 - Logistica Florestal\01. Base de Dados\02. Manuais\09. ChatBot\Report Operacional\Report Operacional V2.xlsx
[LOG] Abrindo planilha...
[LOG] Lendo aba: 'Volume Real Diário'...
c:\Users\ext.matheusmm\Documents\Envio de Emails\.venv\Lib\site-packages\openpyxl\worksheet\_reader.py:329: UserWarning: Slicer List extension is not supported and will be removed
  warn(msg)
[LOG]   Aba carregada: 169 linhas × 33 colunas
[LOG]   Blocos detectados: ['Vol. movimentado', 'DMT Total', 'Média Cx Carga', 'Média de Rpv']
[LOG]   Bloco 'Vol. movimentado': 14 linhas × 32 colunas
[LOG]   Bloco 'DMT Total': 14 linhas × 32 colunas
[LOG]   Bloco 'Média Cx Carga': 14 linhas × 34 colunas
[LOG]   Bloco 'Média de Rpv': 61 linhas × 34 colunas
[LOG]   4 sub-tabela(s) extraída(s) de 'Volume Real Diário'
[LOG] Total de sub-tabelas: 4
[LOG] Gerando imagem: 'Volume Real Diário — Vol. movimentado'...
[LOG]   Imagem salva: report_temp_01_Volume_Real_Diário___Vol__movimentado.png
[LOG] Gerando imagem: 'Volume Real Diário — DMT Total'...
[LOG]   Imagem salva: report_temp_02_Volume_Real_Diário___DMT_Total.png
[LOG] Gerando imagem: 'Volume Real Diário — Média Cx Carga'...
[LOG]   Imagem salva: report_temp_03_Volume_Real_Diário___Média_Cx_Carga.png
[LOG] Gerando imagem: 'Volume Real Diário — Média de Rpv'...
[LOG]   Imagem salva: report_temp_04_Volume_Real_Diário___Média_de_Rpv.png
[LOG] E-mail montado com sucesso.
[LOG] Criando e-mail no Outlook...
[LOG] E-mail enviado para: gustavo.carmo@eldoradobrasil.com.br
[LOG] Temporário removido: report_temp_01_Volume_Real_Diário___Vol__movimentado.png
[LOG] Temporário removido: report_temp_02_Volume_Real_Diário___DMT_Total.png
[LOG] Temporário removido: report_temp_03_Volume_Real_Diário___Média_Cx_Carga.png
[LOG] Temporário removido: report_temp_04_Volume_Real_Diário___Média_de_Rpv.png

[LOG] Duração total: 15.0s
============================================================
============================================================
  SISTEMA DE ENVIO AUTOMÁTICO — REPORT OPERACIONAL ELDORADO
  Início: 02/06/2026 09:15:00
============================================================
[LOG] Destinatários configurados (1):
       → gustavo.carmo@eldoradobrasil.com.br
[LOG] Verificando existência do arquivo: \\brtlgwvfs01eld\Florestal\015_Logística Florestal e Infra Estrutura\002 - Logistica Florestal\01. Base de Dados\02. Manuais\09. ChatBot\Report Operacional\Report Operacional V2.xlsx
[LOG] Abrindo planilha...
[LOG] Lendo aba: 'Volume Real Diário'...
c:\Users\ext.matheusmm\Documents\Envio de Emails\.venv\Lib\site-packages\openpyxl\worksheet\_reader.py:329: UserWarning: Slicer List extension is not supported and will be removed
  warn(msg)
[LOG]   Aba carregada: 169 linhas × 33 colunas
[LOG]   Blocos detectados: ['Vol. movimentado', 'DMT Total', 'Média Cx Carga', 'Média de Rpv']
[LOG]   Bloco 'Vol. movimentado': 14 linhas × 32 colunas
[LOG]   Bloco 'DMT Total': 14 linhas × 32 colunas
[LOG]   Bloco 'Média Cx Carga': 14 linhas × 31 colunas
[LOG]   Bloco 'Média de Rpv': 61 linhas × 31 colunas
[LOG]   4 sub-tabela(s) extraída(s) de 'Volume Real Diário'
[LOG] Total de sub-tabelas: 4
[LOG] Gerando imagem: 'Volume Real Diário — Vol. movimentado'...
[LOG]   Imagem salva: report_temp_01_Volume_Real_Diário___Vol__movimentado.png
[LOG] Gerando imagem: 'Volume Real Diário — DMT Total'...
[LOG]   Imagem salva: report_temp_02_Volume_Real_Diário___DMT_Total.png
[LOG] Gerando imagem: 'Volume Real Diário — Média Cx Carga'...
[LOG]   Imagem salva: report_temp_03_Volume_Real_Diário___Média_Cx_Carga.png
[LOG] Gerando imagem: 'Volume Real Diário — Média de Rpv'...
[LOG]   Imagem salva: report_temp_04_Volume_Real_Diário___Média_de_Rpv.png
[LOG] E-mail montado com sucesso.
[LOG] Criando e-mail no Outlook...
[LOG] E-mail enviado para: gustavo.carmo@eldoradobrasil.com.br
[LOG] Temporário removido: report_temp_01_Volume_Real_Diário___Vol__movimentado.png
[LOG] Temporário removido: report_temp_02_Volume_Real_Diário___DMT_Total.png
[LOG] Temporário removido: report_temp_03_Volume_Real_Diário___Média_Cx_Carga.png
[LOG] Temporário removido: report_temp_04_Volume_Real_Diário___Média_de_Rpv.png

[LOG] Duração total: 14.2s
============================================================
============================================================
  SISTEMA DE ENVIO AUTOMÁTICO — REPORT OPERACIONAL ELDORADO
  Início: 02/06/2026 09:20:43
============================================================
[LOG] Destinatários configurados (1):
       → gustavo.carmo@eldoradobrasil.com.br
[LOG] Verificando existência do arquivo: \\brtlgwvfs01eld\Florestal\015_Logística Florestal e Infra Estrutura\002 - Logistica Florestal\01. Base de Dados\02. Manuais\09. ChatBot\Report Operacional\Report Operacional V2.xlsx
[LOG] Abrindo planilha...
[LOG] Lendo aba: 'Volume Real Diário'...
c:\Users\ext.matheusmm\Documents\Envio de Emails\.venv\Lib\site-packages\openpyxl\worksheet\_reader.py:329: UserWarning: Slicer List extension is not supported and will be removed
  warn(msg)
[LOG]   Aba carregada: 169 linhas × 33 colunas
[LOG]   Blocos detectados: ['Vol. movimentado', 'DMT Total', 'Média Cx Carga', 'Média de Rpv']
[LOG]   Bloco 'Vol. movimentado': 14 linhas × 32 colunas
[LOG]   Bloco 'DMT Total': 14 linhas × 32 colunas
[LOG]   Bloco 'Média Cx Carga': 14 linhas × 31 colunas
[LOG]   Bloco 'Média de Rpv': 61 linhas × 31 colunas
[LOG]   4 sub-tabela(s) extraída(s) de 'Volume Real Diário'
[LOG] Total de sub-tabelas: 4
[LOG] Gerando imagem: 'Volume Real Diário — Vol. movimentado'...
[LOG]   Imagem salva: report_temp_01_Volume_Real_Diário___Vol__movimentado.png
[LOG] Gerando imagem: 'Volume Real Diário — DMT Total'...
[LOG]   Imagem salva: report_temp_02_Volume_Real_Diário___DMT_Total.png
[LOG] Gerando imagem: 'Volume Real Diário — Média Cx Carga'...
[LOG]   Imagem salva: report_temp_03_Volume_Real_Diário___Média_Cx_Carga.png
[LOG] Gerando imagem: 'Volume Real Diário — Média de Rpv'...
[LOG]   Imagem salva: report_temp_04_Volume_Real_Diário___Média_de_Rpv.png
[LOG] E-mail montado com sucesso.
[LOG] Criando e-mail no Outlook...
[LOG] E-mail enviado para: gustavo.carmo@eldoradobrasil.com.br
[LOG] Temporário removido: report_temp_01_Volume_Real_Diário___Vol__movimentado.png
[LOG] Temporário removido: report_temp_02_Volume_Real_Diário___DMT_Total.png
[LOG] Temporário removido: report_temp_03_Volume_Real_Diário___Média_Cx_Carga.png
[LOG] Temporário removido: report_temp_04_Volume_Real_Diário___Média_de_Rpv.png

[LOG] Duração total: 14.1s
============================================================
============================================================
  SISTEMA DE ENVIO AUTOMÁTICO — REPORT OPERACIONAL ELDORADO
  Início: 02/06/2026 09:23:38
============================================================
[LOG] Destinatários configurados (1):
       → gustavo.carmo@eldoradobrasil.com.br
[LOG] Verificando existência do arquivo: \\brtlgwvfs01eld\Florestal\015_Logística Florestal e Infra Estrutura\002 - Logistica Florestal\01. Base de Dados\02. Manuais\09. ChatBot\Report Operacional\Report Operacional V2.xlsx
[LOG] Abrindo planilha...
[LOG] Lendo aba: 'Volume Real Diário'...
c:\Users\ext.matheusmm\Documents\Envio de Emails\.venv\Lib\site-packages\openpyxl\worksheet\_reader.py:329: UserWarning: Slicer List extension is not supported and will be removed
  warn(msg)
[LOG]   Aba carregada: 169 linhas × 33 colunas
[LOG]   Blocos detectados: ['Vol. movimentado', 'DMT Total', 'Média Cx Carga', 'Média de Rpv']
[LOG]   Bloco 'Vol. movimentado': 14 linhas × 32 colunas
[LOG]   Bloco 'DMT Total': 14 linhas × 32 colunas
[LOG]   Bloco 'Média Cx Carga': 14 linhas × 31 colunas
[LOG]   Bloco 'Média de Rpv': 61 linhas × 31 colunas
[LOG]   4 sub-tabela(s) extraída(s) de 'Volume Real Diário'
[LOG] Total de sub-tabelas: 4
[LOG] Gerando imagem: 'Volume Real Diário — Vol. movimentado'...
[LOG]   Imagem salva: report_temp_01_Volume_Real_Diário___Vol__movimentado.png
[LOG] Gerando imagem: 'Volume Real Diário — DMT Total'...
[LOG]   Imagem salva: report_temp_02_Volume_Real_Diário___DMT_Total.png
[LOG] Gerando imagem: 'Volume Real Diário — Média Cx Carga'...
[LOG]   Imagem salva: report_temp_03_Volume_Real_Diário___Média_Cx_Carga.png
[LOG] Gerando imagem: 'Volume Real Diário — Média de Rpv'...
[LOG]   Imagem salva: report_temp_04_Volume_Real_Diário___Média_de_Rpv.png
[LOG] E-mail montado com sucesso.
[LOG] Criando e-mail no Outlook...
[LOG] E-mail enviado para: gustavo.carmo@eldoradobrasil.com.br
[LOG] Temporário removido: report_temp_01_Volume_Real_Diário___Vol__movimentado.png
[LOG] Temporário removido: report_temp_02_Volume_Real_Diário___DMT_Total.png
[LOG] Temporário removido: report_temp_03_Volume_Real_Diário___Média_Cx_Carga.png
[LOG] Temporário removido: report_temp_04_Volume_Real_Diário___Média_de_Rpv.png

[LOG] Duração total: 12.3s
============================================================
============================================================
  SISTEMA DE ENVIO AUTOMÁTICO — REPORT OPERACIONAL ELDORADO
  Início: 02/06/2026 09:27:41
============================================================
[LOG] Destinatários configurados (1):
       → gustavo.carmo@eldoradobrasil.com.br
[LOG] Verificando existência do arquivo: \\brtlgwvfs01eld\Florestal\015_Logística Florestal e Infra Estrutura\002 - Logistica Florestal\01. Base de Dados\02. Manuais\09. ChatBot\Report Operacional\Report Operacional V2.xlsx
[LOG] Abrindo planilha...
[LOG] Lendo aba: 'Volume Real Diário'...
c:\Users\ext.matheusmm\Documents\Envio de Emails\.venv\Lib\site-packages\openpyxl\worksheet\_reader.py:329: UserWarning: Slicer List extension is not supported and will be removed
  warn(msg)
[LOG]   Aba carregada: 169 linhas × 33 colunas
[LOG]   Blocos detectados: ['Vol. movimentado', 'DMT Total', 'Média Cx Carga', 'Média de Rpv']
[LOG]   Bloco 'Vol. movimentado': 14 linhas × 32 colunas
[LOG]   Bloco 'DMT Total': 14 linhas × 32 colunas
[LOG]   Bloco 'Média Cx Carga': 14 linhas × 31 colunas
[LOG]   Bloco 'Média de Rpv': 61 linhas × 31 colunas
[LOG]   4 sub-tabela(s) extraída(s) de 'Volume Real Diário'
[LOG] Total de sub-tabelas: 4
[LOG] Gerando imagem: 'Volume Real Diário — Vol. movimentado'...
[LOG]   Imagem salva: report_temp_01_Volume_Real_Diário___Vol__movimentado.png
[LOG] Gerando imagem: 'Volume Real Diário — DMT Total'...
[LOG]   Imagem salva: report_temp_02_Volume_Real_Diário___DMT_Total.png
[LOG] Gerando imagem: 'Volume Real Diário — Média Cx Carga'...
[LOG]   Imagem salva: report_temp_03_Volume_Real_Diário___Média_Cx_Carga.png
[LOG] Gerando imagem: 'Volume Real Diário — Média de Rpv'...
[LOG]   Imagem salva: report_temp_04_Volume_Real_Diário___Média_de_Rpv.png
[LOG] E-mail montado com sucesso.
[LOG] Criando e-mail no Outlook...
[LOG] E-mail enviado para: gustavo.carmo@eldoradobrasil.com.br
[LOG] Temporário removido: report_temp_01_Volume_Real_Diário___Vol__movimentado.png
[LOG] Temporário removido: report_temp_02_Volume_Real_Diário___DMT_Total.png
[LOG] Temporário removido: report_temp_03_Volume_Real_Diário___Média_Cx_Carga.png
[LOG] Temporário removido: report_temp_04_Volume_Real_Diário___Média_de_Rpv.png

[LOG] Duração total: 22.5s
============================================================
============================================================
  SISTEMA DE ENVIO AUTOMÁTICO — REPORT OPERACIONAL ELDORADO
  Início: 02/06/2026 09:40:07
============================================================
[LOG] Destinatários configurados (6):
       → gustavo.carmo@eldoradobrasil.com.br
       → alana.oliveira@eldoradobrasil.com.br
       → janaine.costa@eldoradobrasil.com.br
       → giovani.barbosa@eldoradobrasil.com.br
       → joao.gaspar@eldoradobrasil.com.br
       → rogerio.araujo@eldoradobrasil.com.br
[LOG] Verificando existência do arquivo: \\brtlgwvfs01eld\Florestal\015_Logística Florestal e Infra Estrutura\002 - Logistica Florestal\01. Base de Dados\02. Manuais\09. ChatBot\Report Operacional\Report Operacional V2.xlsx
[LOG] Abrindo planilha...
[LOG] Lendo aba: 'Volume Real Diário'...
c:\Users\ext.matheusmm\Documents\Envio de Emails\.venv\Lib\site-packages\openpyxl\worksheet\_reader.py:329: UserWarning: Slicer List extension is not supported and will be removed
  warn(msg)
[LOG]   Aba carregada: 169 linhas × 33 colunas
[LOG]   Blocos detectados: ['Vol. movimentado', 'DMT Total', 'Média Cx Carga', 'Média de Rpv']
[LOG]   Bloco 'Vol. movimentado': 14 linhas × 8 colunas
[LOG]   Bloco 'DMT Total': 14 linhas × 8 colunas
[LOG]   Bloco 'Média Cx Carga': 14 linhas × 8 colunas
[LOG]   Bloco 'Média de Rpv': 61 linhas × 8 colunas
[LOG]   4 sub-tabela(s) extraída(s) de 'Volume Real Diário'
[LOG] Total de sub-tabelas: 4
[LOG] Gerando imagem: 'Volume Real Diário — Vol. movimentado'...
[LOG]   Imagem salva: report_temp_01_Volume_Real_Diário___Vol__movimentado.png
[LOG] Gerando imagem: 'Volume Real Diário — DMT Total'...
[LOG]   Imagem salva: report_temp_02_Volume_Real_Diário___DMT_Total.png
[LOG] Gerando imagem: 'Volume Real Diário — Média Cx Carga'...

[LOG] Duração total: 2.3s
============================================================
Traceback (most recent call last):
  File "C:\Users\ext.matheusmm\Documents\Envio de Emails\relatorios.py", line 903, in <module>
    executar()
    ~~~~~~~~^^
  File "C:\Users\ext.matheusmm\Documents\Envio de Emails\relatorios.py", line 861, in executar
    imagens      = gerar_todas_imagens(tabelas, IMAGE_BASE)
  File "C:\Users\ext.matheusmm\Documents\Envio de Emails\relatorios.py", line 600, in gerar_todas_imagens
    gerar_imagem(df, titulo, caminho)
    ~~~~~~~~~~~~^^^^^^^^^^^^^^^^^^^^^
  File "C:\Users\ext.matheusmm\Documents\Envio de Emails\relatorios.py", line 582, in gerar_imagem
    plt.savefig(
    ~~~~~~~~~~~^
        caminho, dpi=150,
        ^^^^^^^^^^^^^^^^^
    ...<2 lines>...
        format="PNG",
        ^^^^^^^^^^^^^
    )
    ^
  File "c:\Users\ext.matheusmm\Documents\Envio de Emails\.venv\Lib\site-packages\matplotlib\pyplot.py", line 1250, in savefig
    res = fig.savefig(*args, **kwargs)  # type: ignore[func-returns-value]
  File "c:\Users\ext.matheusmm\Documents\Envio de Emails\.venv\Lib\site-packages\matplotlib\figure.py", line 3497, in savefig
    self.canvas.print_figure(fname, **kwargs)
    ~~~~~~~~~~~~~~~~~~~~~~~~^^^^^^^^^^^^^^^^^
  File "c:\Users\ext.matheusmm\Documents\Envio de Emails\.venv\Lib\site-packages\matplotlib\backend_bases.py", line 2186, in print_figure
    result = print_method(
        filename,
    ...<3 lines>...
        bbox_inches_restore=_bbox_inches_restore,
        **kwargs)
  File "c:\Users\ext.matheusmm\Documents\Envio de Emails\.venv\Lib\site-packages\matplotlib\backend_bases.py", line 2042, in <lambda>
    print_method = functools.wraps(meth)(lambda *args, **kwargs: meth(
                                                                 ~~~~^
        *args, **{k: v for k, v in kwargs.items() if k not in skip}))
        ^^^^^^^^^^^^^^^^^^^^^^^^^^^^^^^^^^^^^^^^^^^^^^^^^^^^^^^^^^^^
  File "c:\Users\ext.matheusmm\Documents\Envio de Emails\.venv\Lib\site-packages\matplotlib\backends\backend_agg.py", line 481, in print_png
    self._print_pil(filename_or_obj, "png", pil_kwargs, metadata)
    ~~~~~~~~~~~~~~~^^^^^^^^^^^^^^^^^^^^^^^^^^^^^^^^^^^^^^^^^^^^^^
  File "c:\Users\ext.matheusmm\Documents\Envio de Emails\.venv\Lib\site-packages\matplotlib\backends\backend_agg.py", line 429, in _print_pil
    FigureCanvasAgg.draw(self)
    ~~~~~~~~~~~~~~~~~~~~^^^^^^
  File "c:\Users\ext.matheusmm\Documents\Envio de Emails\.venv\Lib\site-packages\matplotlib\backends\backend_agg.py", line 382, in draw
    self.figure.draw(self.renderer)
    ~~~~~~~~~~~~~~~~^^^^^^^^^^^^^^^
  File "c:\Users\ext.matheusmm\Documents\Envio de Emails\.venv\Lib\site-packages\matplotlib\artist.py", line 94, in draw_wrapper
    result = draw(artist, renderer, *args, **kwargs)
  File "c:\Users\ext.matheusmm\Documents\Envio de Emails\.venv\Lib\site-packages\matplotlib\artist.py", line 71, in draw_wrapper
    return draw(artist, renderer)
  File "c:\Users\ext.matheusmm\Documents\Envio de Emails\.venv\Lib\site-packages\matplotlib\figure.py", line 3264, in draw
    mimage._draw_list_compositing_images(
    ~~~~~~~~~~~~~~~~~~~~~~~~~~~~~~~~~~~~^
        renderer, self, artists, self.suppressComposite)
        ^^^^^^^^^^^^^^^^^^^^^^^^^^^^^^^^^^^^^^^^^^^^^^^^
  File "c:\Users\ext.matheusmm\Documents\Envio de Emails\.venv\Lib\site-packages\matplotlib\image.py", line 134, in _draw_list_compositing_images
    a.draw(renderer)
    ~~~~~~^^^^^^^^^^
  File "c:\Users\ext.matheusmm\Documents\Envio de Emails\.venv\Lib\site-packages\matplotlib\artist.py", line 71, in draw_wrapper
    return draw(artist, renderer)
  File "c:\Users\ext.matheusmm\Documents\Envio de Emails\.venv\Lib\site-packages\matplotlib\axes\_base.py", line 3226, in draw
    mimage._draw_list_compositing_images(
    ~~~~~~~~~~~~~~~~~~~~~~~~~~~~~~~~~~~~^
        renderer, self, artists, self.get_figure(root=True).suppressComposite)
        ^^^^^^^^^^^^^^^^^^^^^^^^^^^^^^^^^^^^^^^^^^^^^^^^^^^^^^^^^^^^^^^^^^^^^^
  File "c:\Users\ext.matheusmm\Documents\Envio de Emails\.venv\Lib\site-packages\matplotlib\image.py", line 134, in _draw_list_compositing_images
    a.draw(renderer)
    ~~~~~~^^^^^^^^^^
  File "c:\Users\ext.matheusmm\Documents\Envio de Emails\.venv\Lib\site-packages\matplotlib\artist.py", line 71, in draw_wrapper
    return draw(artist, renderer)
  File "c:\Users\ext.matheusmm\Documents\Envio de Emails\.venv\Lib\site-packages\matplotlib\table.py", line 413, in draw
    self._cells[key].draw(renderer)
    ~~~~~~~~~~~~~~~~~~~~~^^^^^^^^^^
  File "c:\Users\ext.matheusmm\Documents\Envio de Emails\.venv\Lib\site-packages\matplotlib\artist.py", line 71, in draw_wrapper
    return draw(artist, renderer)
  File "c:\Users\ext.matheusmm\Documents\Envio de Emails\.venv\Lib\site-packages\matplotlib\table.py", line 149, in draw
    self._text.draw(renderer)
    ~~~~~~~~~~~~~~~^^^^^^^^^^
  File "c:\Users\ext.matheusmm\Documents\Envio de Emails\.venv\Lib\site-packages\matplotlib\artist.py", line 71, in draw_wrapper
    return draw(artist, renderer)
  File "c:\Users\ext.matheusmm\Documents\Envio de Emails\.venv\Lib\site-packages\matplotlib\text.py", line 752, in draw
    bbox, info, descent = self._get_layout(renderer)
                          ~~~~~~~~~~~~~~~~^^^^^^^^^^
  File "c:\Users\ext.matheusmm\Documents\Envio de Emails\.venv\Lib\site-packages\matplotlib\text.py", line 382, in _get_layout
    w, h, d = _get_text_metrics_with_cache(
              ~~~~~~~~~~~~~~~~~~~~~~~~~~~~^
        renderer, clean_line, self._fontproperties,
        ^^^^^^^^^^^^^^^^^^^^^^^^^^^^^^^^^^^^^^^^^^^
        ismath=ismath, dpi=self.get_figure(root=True).dpi)
        ^^^^^^^^^^^^^^^^^^^^^^^^^^^^^^^^^^^^^^^^^^^^^^^^^^
  File "c:\Users\ext.matheusmm\Documents\Envio de Emails\.venv\Lib\site-packages\matplotlib\text.py", line 69, in _get_text_metrics_with_cache
    return _get_text_metrics_with_cache_impl(
        weakref.ref(renderer), text, fontprop.copy(), ismath, dpi)
  File "c:\Users\ext.matheusmm\Documents\Envio de Emails\.venv\Lib\site-packages\matplotlib\text.py", line 77, in _get_text_metrics_with_cache_impl
    return renderer_ref().get_text_width_height_descent(text, fontprop, ismath)
           ~~~~~~~~~~~~~~~~~~~~~~~~~~~~~~~~~~~~~~~~~~~~^^^^^^^^^^^^^^^^^^^^^^^^
  File "c:\Users\ext.matheusmm\Documents\Envio de Emails\.venv\Lib\site-packages\matplotlib\backends\backend_agg.py", line 219, in get_text_width_height_descent
    font.set_text(s, 0.0, flags=get_hinting_flag())
    ~~~~~~~~~~~~~^^^^^^^^^^^^^^^^^^^^^^^^^^^^^^^^^^
KeyboardInterrupt
============================================================
  SISTEMA DE ENVIO AUTOMÁTICO — REPORT OPERACIONAL ELDORADO
  Início: 02/06/2026 09:40:33
============================================================
[LOG] Destinatários configurados (1):
       → gustavo.carmo@eldoradobrasil.com.br
[LOG] Verificando existência do arquivo: \\brtlgwvfs01eld\Florestal\015_Logística Florestal e Infra Estrutura\002 - Logistica Florestal\01. Base de Dados\02. Manuais\09. ChatBot\Report Operacional\Report Operacional V2.xlsx
[LOG] Abrindo planilha...
[LOG] Lendo aba: 'Volume Real Diário'...
c:\Users\ext.matheusmm\Documents\Envio de Emails\.venv\Lib\site-packages\openpyxl\worksheet\_reader.py:329: UserWarning: Slicer List extension is not supported and will be removed
  warn(msg)
[LOG]   Aba carregada: 169 linhas × 33 colunas
[LOG]   Blocos detectados: ['Vol. movimentado', 'DMT Total', 'Média Cx Carga', 'Média de Rpv']
[LOG]   Bloco 'Vol. movimentado': 14 linhas × 8 colunas
[LOG]   Bloco 'DMT Total': 14 linhas × 8 colunas
[LOG]   Bloco 'Média Cx Carga': 14 linhas × 8 colunas
[LOG]   Bloco 'Média de Rpv': 61 linhas × 8 colunas
[LOG]   4 sub-tabela(s) extraída(s) de 'Volume Real Diário'
[LOG] Total de sub-tabelas: 4
[LOG] Gerando imagem: 'Volume Real Diário — Vol. movimentado'...
[LOG]   Imagem salva: report_temp_01_Volume_Real_Diário___Vol__movimentado.png
[LOG] Gerando imagem: 'Volume Real Diário — DMT Total'...
[LOG]   Imagem salva: report_temp_02_Volume_Real_Diário___DMT_Total.png
[LOG] Gerando imagem: 'Volume Real Diário — Média Cx Carga'...
[LOG]   Imagem salva: report_temp_03_Volume_Real_Diário___Média_Cx_Carga.png
[LOG] Gerando imagem: 'Volume Real Diário — Média de Rpv'...
[LOG]   Imagem salva: report_temp_04_Volume_Real_Diário___Média_de_Rpv.png
[LOG] E-mail montado com sucesso.
[LOG] Criando e-mail no Outlook...
[LOG] E-mail enviado para: gustavo.carmo@eldoradobrasil.com.br
[LOG] Temporário removido: report_temp_01_Volume_Real_Diário___Vol__movimentado.png
[LOG] Temporário removido: report_temp_02_Volume_Real_Diário___DMT_Total.png
[LOG] Temporário removido: report_temp_03_Volume_Real_Diário___Média_Cx_Carga.png
[LOG] Temporário removido: report_temp_04_Volume_Real_Diário___Média_de_Rpv.png

[LOG] Duração total: 5.0s
============================================================
============================================================
  SISTEMA DE ENVIO AUTOMÁTICO — REPORT OPERACIONAL ELDORADO
  Início: 02/06/2026 09:53:09
============================================================
[LOG] Destinatários configurados (1):
       → gustavo.carmo@eldoradobrasil.com.br
[LOG] Verificando existência do arquivo: \\brtlgwvfs01eld\Florestal\015_Logística Florestal e Infra Estrutura\002 - Logistica Florestal\01. Base de Dados\02. Manuais\09. ChatBot\Report Operacional\Report Operacional V2.xlsx
[LOG] Abrindo planilha...
[LOG] Lendo aba: 'Volume Real Diário'...
c:\Users\ext.matheusmm\Documents\Envio de Emails\.venv\Lib\site-packages\openpyxl\worksheet\_reader.py:329: UserWarning: Slicer List extension is not supported and will be removed
  warn(msg)
[LOG]   Aba carregada: 169 linhas × 33 colunas
[LOG]   Blocos detectados: ['Vol. movimentado', 'DMT Total', 'Média Cx Carga', 'Média de Rpv']
[LOG]   Bloco 'Vol. movimentado': 14 linhas × 8 colunas
[LOG]   Bloco 'DMT Total': 14 linhas × 8 colunas
[LOG]   Bloco 'Média Cx Carga': 14 linhas × 8 colunas
[LOG]   Bloco 'Média de Rpv': 61 linhas × 8 colunas
[LOG]   4 sub-tabela(s) extraída(s) de 'Volume Real Diário'
[LOG] Total de sub-tabelas: 4
[LOG] Gerando imagem: 'Volume Real Diário — Vol. movimentado'...
[LOG]   Imagem salva: report_temp_01_Volume_Real_Diário___Vol__movimentado.png
[LOG] Gerando imagem: 'Volume Real Diário — DMT Total'...
[LOG]   Imagem salva: report_temp_02_Volume_Real_Diário___DMT_Total.png
[LOG] Gerando imagem: 'Volume Real Diário — Média Cx Carga'...
[LOG]   Imagem salva: report_temp_03_Volume_Real_Diário___Média_Cx_Carga.png
[LOG] Gerando imagem: 'Volume Real Diário — Média de Rpv'...
[LOG]   Imagem salva: report_temp_04_Volume_Real_Diário___Média_de_Rpv.png
[LOG] E-mail montado com sucesso.
[LOG] Criando e-mail no Outlook...
[LOG] E-mail enviado para: gustavo.carmo@eldoradobrasil.com.br
[LOG] Temporário removido: report_temp_01_Volume_Real_Diário___Vol__movimentado.png
[LOG] Temporário removido: report_temp_02_Volume_Real_Diário___DMT_Total.png
[LOG] Temporário removido: report_temp_03_Volume_Real_Diário___Média_Cx_Carga.png
[LOG] Temporário removido: report_temp_04_Volume_Real_Diário___Média_de_Rpv.png

[LOG] Duração total: 11.2s
============================================================
============================================================
  SISTEMA DE ENVIO AUTOMÁTICO — REPORT OPERACIONAL ELDORADO
  Início: 02/06/2026 09:58:04
============================================================
[LOG] Destinatários configurados (1):
       → gustavo.carmo@eldoradobrasil.com.br
[LOG] Verificando existência do arquivo: \\brtlgwvfs01eld\Florestal\015_Logística Florestal e Infra Estrutura\002 - Logistica Florestal\01. Base de Dados\02. Manuais\09. ChatBot\Report Operacional\Report Operacional V2.xlsx
[LOG] Abrindo planilha...
[LOG] Lendo aba: 'Volume Real Diário'...
c:\Users\ext.matheusmm\Documents\Envio de Emails\.venv\Lib\site-packages\openpyxl\worksheet\_reader.py:329: UserWarning: Slicer List extension is not supported and will be removed
  warn(msg)
[LOG]   Aba carregada: 169 linhas × 33 colunas
[LOG]   Blocos detectados: ['Vol. movimentado', 'DMT Total', 'Média Cx Carga', 'Média de Rpv']
[LOG]   Bloco 'Vol. movimentado': 14 linhas × 8 colunas
[LOG]   Bloco 'DMT Total': 14 linhas × 8 colunas
[LOG]   Bloco 'Média Cx Carga': 14 linhas × 8 colunas
[LOG]   Bloco 'Média de Rpv': 61 linhas × 8 colunas
[LOG]   4 sub-tabela(s) extraída(s) de 'Volume Real Diário'
[LOG] Total de sub-tabelas: 4
[LOG] Gerando imagem: 'Volume Real Diário — Vol. movimentado'...
[LOG]   Imagem salva: report_temp_01_Volume_Real_Diário___Vol__movimentado.png
[LOG] Gerando imagem: 'Volume Real Diário — DMT Total'...
[LOG]   Imagem salva: report_temp_02_Volume_Real_Diário___DMT_Total.png
[LOG] Gerando imagem: 'Volume Real Diário — Média Cx Carga'...
[LOG]   Imagem salva: report_temp_03_Volume_Real_Diário___Média_Cx_Carga.png
[LOG] Gerando imagem: 'Volume Real Diário — Média de Rpv'...
[LOG]   Imagem salva: report_temp_04_Volume_Real_Diário___Média_de_Rpv.png
[LOG] E-mail montado com sucesso.
[LOG] Criando e-mail no Outlook...
[LOG] E-mail enviado para: gustavo.carmo@eldoradobrasil.com.br
[LOG] Temporário removido: report_temp_01_Volume_Real_Diário___Vol__movimentado.png
[LOG] Temporário removido: report_temp_02_Volume_Real_Diário___DMT_Total.png
[LOG] Temporário removido: report_temp_03_Volume_Real_Diário___Média_Cx_Carga.png
[LOG] Temporário removido: report_temp_04_Volume_Real_Diário___Média_de_Rpv.png

[LOG] Duração total: 6.7s
============================================================
============================================================
  SISTEMA DE ENVIO AUTOMÁTICO — REPORT OPERACIONAL ELDORADO
  Início: 02/06/2026 10:00:44
============================================================
[LOG] Destinatários configurados (1):
       → gustavo.carmo@eldoradobrasil.com.br
[LOG] Verificando existência do arquivo: \\brtlgwvfs01eld\Florestal\015_Logística Florestal e Infra Estrutura\002 - Logistica Florestal\01. Base de Dados\02. Manuais\09. ChatBot\Report Operacional\Report Operacional V2.xlsx
[LOG] Abrindo planilha...
[LOG] Lendo aba: 'Volume Real Diário'...
c:\Users\ext.matheusmm\Documents\Envio de Emails\.venv\Lib\site-packages\openpyxl\worksheet\_reader.py:329: UserWarning: Slicer List extension is not supported and will be removed
  warn(msg)
[LOG]   Aba carregada: 169 linhas × 33 colunas
[LOG]   Blocos detectados: ['Vol. movimentado', 'DMT Total', 'Média Cx Carga', 'Média de Rpv']
[LOG]   Bloco 'Vol. movimentado': 14 linhas × 8 colunas
[LOG]   Bloco 'DMT Total': 14 linhas × 8 colunas
[LOG]   Bloco 'Média Cx Carga': 14 linhas × 8 colunas
[LOG]   Bloco 'Média de Rpv': 61 linhas × 8 colunas
[LOG]   4 sub-tabela(s) extraída(s) de 'Volume Real Diário'
[LOG] Total de sub-tabelas: 4
[LOG] Gerando imagem: 'Volume Real Diário — Vol. movimentado'...
[LOG]   Imagem salva: report_temp_01_Volume_Real_Diário___Vol__movimentado.png
[LOG] Gerando imagem: 'Volume Real Diário — DMT Total'...
[LOG]   Imagem salva: report_temp_02_Volume_Real_Diário___DMT_Total.png
[LOG] Gerando imagem: 'Volume Real Diário — Média Cx Carga'...
[LOG]   Imagem salva: report_temp_03_Volume_Real_Diário___Média_Cx_Carga.png
[LOG] Gerando imagem: 'Volume Real Diário — Média de Rpv'...
[LOG]   Imagem salva: report_temp_04_Volume_Real_Diário___Média_de_Rpv.png
[LOG] E-mail montado com sucesso.
[LOG] Criando e-mail no Outlook...
[LOG] E-mail enviado para: gustavo.carmo@eldoradobrasil.com.br
[LOG] Temporário removido: report_temp_01_Volume_Real_Diário___Vol__movimentado.png
[LOG] Temporário removido: report_temp_02_Volume_Real_Diário___DMT_Total.png
[LOG] Temporário removido: report_temp_03_Volume_Real_Diário___Média_Cx_Carga.png
[LOG] Temporário removido: report_temp_04_Volume_Real_Diário___Média_de_Rpv.png

[LOG] Duração total: 8.0s
============================================================
============================================================
  SISTEMA DE ENVIO AUTOMÁTICO — REPORT OPERACIONAL ELDORADO
  Início: 02/06/2026 10:01:28
============================================================
[LOG] Destinatários configurados (1):
       → gustavo.carmo@eldoradobrasil.com.br
[LOG] Verificando existência do arquivo: \\brtlgwvfs01eld\Florestal\015_Logística Florestal e Infra Estrutura\002 - Logistica Florestal\01. Base de Dados\02. Manuais\09. ChatBot\Report Operacional\Report Operacional V2.xlsx
[LOG] Abrindo planilha...
[LOG] Lendo aba: 'Volume Real Diário'...
c:\Users\ext.matheusmm\Documents\Envio de Emails\.venv\Lib\site-packages\openpyxl\worksheet\_reader.py:329: UserWarning: Slicer List extension is not supported and will be removed
  warn(msg)
[LOG]   Aba carregada: 169 linhas × 33 colunas
[LOG]   Blocos detectados: ['Vol. movimentado', 'DMT Total', 'Média Cx Carga', 'Média de Rpv']
[LOG]   Bloco 'Vol. movimentado': 14 linhas × 8 colunas
[LOG]   Bloco 'DMT Total': 14 linhas × 8 colunas
[LOG]   Bloco 'Média Cx Carga': 14 linhas × 8 colunas
[LOG]   Bloco 'Média de Rpv': 61 linhas × 8 colunas
[LOG]   4 sub-tabela(s) extraída(s) de 'Volume Real Diário'
[LOG] Total de sub-tabelas: 4
[LOG] Gerando imagem: 'Volume Real Diário — Vol. movimentado'...
[LOG]   Imagem salva: report_temp_01_Volume_Real_Diário___Vol__movimentado.png
[LOG] Gerando imagem: 'Volume Real Diário — DMT Total'...
[LOG]   Imagem salva: report_temp_02_Volume_Real_Diário___DMT_Total.png
[LOG] Gerando imagem: 'Volume Real Diário — Média Cx Carga'...
[LOG]   Imagem salva: report_temp_03_Volume_Real_Diário___Média_Cx_Carga.png
[LOG] Gerando imagem: 'Volume Real Diário — Média de Rpv'...
[LOG]   Imagem salva: report_temp_04_Volume_Real_Diário___Média_de_Rpv.png
[LOG] E-mail montado com sucesso.
[LOG] Criando e-mail no Outlook...
[LOG] E-mail enviado para: gustavo.carmo@eldoradobrasil.com.br
[LOG] Temporário removido: report_temp_01_Volume_Real_Diário___Vol__movimentado.png
[LOG] Temporário removido: report_temp_02_Volume_Real_Diário___DMT_Total.png
[LOG] Temporário removido: report_temp_03_Volume_Real_Diário___Média_Cx_Carga.png
[LOG] Temporário removido: report_temp_04_Volume_Real_Diário___Média_de_Rpv.png

[LOG] Duração total: 6.9s
============================================================
============================================================
  SISTEMA DE ENVIO AUTOMÁTICO — REPORT OPERACIONAL ELDORADO
  Início: 02/06/2026 10:03:23
============================================================
[LOG] Destinatários configurados (1):
       → gustavo.carmo@eldoradobrasil.com.br
[LOG] Verificando existência do arquivo: \\brtlgwvfs01eld\Florestal\015_Logística Florestal e Infra Estrutura\002 - Logistica Florestal\01. Base de Dados\02. Manuais\09. ChatBot\Report Operacional\Report Operacional V2.xlsx
[LOG] Abrindo planilha...
[LOG] Lendo aba: 'Volume Real Diário'...
c:\Users\ext.matheusmm\Documents\Envio de Emails\.venv\Lib\site-packages\openpyxl\worksheet\_reader.py:329: UserWarning: Slicer List extension is not supported and will be removed
  warn(msg)
[LOG]   Aba carregada: 169 linhas × 33 colunas
[LOG]   Blocos detectados: ['Vol. movimentado', 'DMT Total', 'Média Cx Carga', 'Média de Rpv']
[LOG]   Bloco 'Vol. movimentado': 14 linhas × 8 colunas
[LOG]   Bloco 'DMT Total': 14 linhas × 8 colunas
[LOG]   Bloco 'Média Cx Carga': 14 linhas × 8 colunas
[LOG]   Bloco 'Média de Rpv': 61 linhas × 8 colunas
[LOG]   4 sub-tabela(s) extraída(s) de 'Volume Real Diário'
[LOG] Total de sub-tabelas: 4
[LOG] Gerando imagem: 'Volume Real Diário — Vol. movimentado'...
[LOG]   Imagem salva: report_temp_01_Volume_Real_Diário___Vol__movimentado.png
[LOG] Gerando imagem: 'Volume Real Diário — DMT Total'...
[LOG]   Imagem salva: report_temp_02_Volume_Real_Diário___DMT_Total.png
[LOG] Gerando imagem: 'Volume Real Diário — Média Cx Carga'...
[LOG]   Imagem salva: report_temp_03_Volume_Real_Diário___Média_Cx_Carga.png
[LOG] Gerando imagem: 'Volume Real Diário — Média de Rpv'...
[LOG]   Imagem salva: report_temp_04_Volume_Real_Diário___Média_de_Rpv.png
[LOG] E-mail montado com sucesso.
[LOG] Criando e-mail no Outlook...
[LOG] E-mail enviado para: gustavo.carmo@eldoradobrasil.com.br
[LOG] Temporário removido: report_temp_01_Volume_Real_Diário___Vol__movimentado.png
[LOG] Temporário removido: report_temp_02_Volume_Real_Diário___DMT_Total.png
[LOG] Temporário removido: report_temp_03_Volume_Real_Diário___Média_Cx_Carga.png
[LOG] Temporário removido: report_temp_04_Volume_Real_Diário___Média_de_Rpv.png

[LOG] Duração total: 7.8s
============================================================
============================================================
  SISTEMA DE ENVIO AUTOMÁTICO — REPORT OPERACIONAL ELDORADO
  Início: 02/06/2026 11:00:17
============================================================
[LOG] Destinatários configurados (6):
       → gustavo.carmo@eldoradobrasil.com.br
       → alana.oliveira@eldoradobrasil.com.br
       → janaine.costa@eldoradobrasil.com.br
       → giovani.barbosa@eldoradobrasil.com.br
       → joao.gaspar@eldoradobrasil.com.br
       → rogerio.araujo@eldoradobrasil.com.br
[LOG] Verificando existência do arquivo: \\brtlgwvfs01eld\Florestal\015_Logística Florestal e Infra Estrutura\002 - Logistica Florestal\01. Base de Dados\02. Manuais\09. ChatBot\Report Operacional\Report Operacional V2.xlsx
[LOG] Abrindo planilha...
[LOG] Lendo aba: 'Volume Real Diário'...
c:\Users\ext.matheusmm\Documents\Envio de Emails\.venv\Lib\site-packages\openpyxl\worksheet\_reader.py:329: UserWarning: Slicer List extension is not supported and will be removed
  warn(msg)
[LOG]   Aba carregada: 169 linhas × 33 colunas
[LOG]   Blocos detectados: ['Vol. movimentado', 'DMT Total', 'Média Cx Carga', 'Média de Rpv']
[LOG]   Bloco 'Vol. movimentado': 14 linhas × 8 colunas
[LOG]   Bloco 'DMT Total': 14 linhas × 8 colunas
[LOG]   Bloco 'Média Cx Carga': 14 linhas × 8 colunas
[LOG]   Bloco 'Média de Rpv': 61 linhas × 8 colunas
[LOG]   4 sub-tabela(s) extraída(s) de 'Volume Real Diário'
[LOG] Total de sub-tabelas: 4
[LOG] Gerando imagem: 'Volume Real Diário — Vol. movimentado'...
[LOG]   Imagem salva: report_temp_01_Volume_Real_Diário___Vol__movimentado.png
[LOG] Gerando imagem: 'Volume Real Diário — DMT Total'...
[LOG]   Imagem salva: report_temp_02_Volume_Real_Diário___DMT_Total.png
[LOG] Gerando imagem: 'Volume Real Diário — Média Cx Carga'...
[LOG]   Imagem salva: report_temp_03_Volume_Real_Diário___Média_Cx_Carga.png
[LOG] Gerando imagem: 'Volume Real Diário — Média de Rpv'...
[LOG]   Imagem salva: report_temp_04_Volume_Real_Diário___Média_de_Rpv.png
[LOG] E-mail montado com sucesso.
[LOG] Criando e-mail no Outlook...
[LOG] E-mail enviado para: gustavo.carmo@eldoradobrasil.com.br, alana.oliveira@eldoradobrasil.com.br, janaine.costa@eldoradobrasil.com.br, giovani.barbosa@eldoradobrasil.com.br, joao.gaspar@eldoradobrasil.com.br, rogerio.araujo@eldoradobrasil.com.br
[LOG] Temporário removido: report_temp_01_Volume_Real_Diário___Vol__movimentado.png
[LOG] Temporário removido: report_temp_02_Volume_Real_Diário___DMT_Total.png
[LOG] Temporário removido: report_temp_03_Volume_Real_Diário___Média_Cx_Carga.png
[LOG] Temporário removido: report_temp_04_Volume_Real_Diário___Média_de_Rpv.png

[LOG] Duração total: 8.1s
============================================================
============================================================
  SISTEMA DE ENVIO AUTOMÁTICO — REPORT OPERACIONAL ELDORADO
  Início: 08/06/2026 08:36:30
============================================================
[LOG] Destinatários configurados (6):
       → gustavo.carmo@eldoradobrasil.com.br
       → alana.oliveira@eldoradobrasil.com.br
       → janaine.costa@eldoradobrasil.com.br
       → giovani.barbosa@eldoradobrasil.com.br
       → joao.gaspar@eldoradobrasil.com.br
       → rogerio.araujo@eldoradobrasil.com.br
[LOG] Abrindo Excel em background para refresh: Relatório Estoque 28_05_2026.xlsx
[LOG] Disparando RefreshAll (Power Query)...
[LOG] Refresh concluído.
[LOG] Verificando existência do arquivo: C:\Users\ext.matheusmm\Desktop\Relatório Estoque 28_05_2026.xlsx
[LOG] Abrindo planilha...
[LOG] Lendo aba: 'Resumo'...
C:\Users\ext.matheusmm\Documents\Envio de Emails\.venv\Lib\site-packages\openpyxl\worksheet\_reader.py:329: UserWarning: Slicer List extension is not supported and will be removed
  warn(msg)
[LOG]   Aba carregada: 22 linhas × 24 colunas
[LOG]   Bloco 'Estoque Total — Classe TPC': 13 linhas × 8 colunas
[LOG]   Bloco 'Estoque Total — Densidade': 13 linhas × 8 colunas
[LOG]   2 sub-tabela(s) extraída(s) de 'Resumo'
[LOG] Total de sub-tabelas: 2
[LOG] Gerando imagem: 'Resumo — Estoque Total — Classe TPC'...
[LOG]   Imagem salva: report_temp_01_Resumo___Estoque_Total___Classe_TPC.png
[LOG] Gerando imagem: 'Resumo — Estoque Total — Densidade'...
[LOG]   Imagem salva: report_temp_02_Resumo___Estoque_Total___Densidade.png
[LOG] E-mail montado com sucesso.
[LOG] Criando e-mail no Outlook...
[LOG] E-mail enviado para: gustavo.carmo@eldoradobrasil.com.br, alana.oliveira@eldoradobrasil.com.br, janaine.costa@eldoradobrasil.com.br, giovani.barbosa@eldoradobrasil.com.br, joao.gaspar@eldoradobrasil.com.br, rogerio.araujo@eldoradobrasil.com.br
[LOG] Temporário removido: report_temp_01_Resumo___Estoque_Total___Classe_TPC.png
[LOG] Temporário removido: report_temp_02_Resumo___Estoque_Total___Densidade.png

[LOG] Duração total: 22.5s
============================================================
path exists True
Traceback (most recent call last):
  File "<string>", line 9, in <module>
    df = pd.read_excel(path, sheet_name=sheet, header=None, engine='openpyxl')
  File "c:\Users\ext.matheusmm\Documents\Envio de Emails\.venv\Lib\site-packages\pandas\io\excel\_base.py", line 494, in read_excel
    data = io.parse(
        sheet_name=sheet_name,
    ...<20 lines>...
        dtype_backend=dtype_backend,
    )
  File "c:\Users\ext.matheusmm\Documents\Envio de Emails\.venv\Lib\site-packages\pandas\io\excel\_base.py", line 1780, in parse
    return self._reader.parse(
           ~~~~~~~~~~~~~~~~~~^
        sheet_name=sheet_name,
        ^^^^^^^^^^^^^^^^^^^^^^
    ...<16 lines>...
        **kwds,
        ^^^^^^^
    )
    ^
  File "c:\Users\ext.matheusmm\Documents\Envio de Emails\.venv\Lib\site-packages\pandas\io\excel\_base.py", line 753, in parse
    sheet = self.get_sheet_by_name(asheetname)
  File "c:\Users\ext.matheusmm\Documents\Envio de Emails\.venv\Lib\site-packages\pandas\io\excel\_openpyxl.py", line 589, in get_sheet_by_name
    self.raise_if_bad_sheet_by_name(name)
    ~~~~~~~~~~~~~~~~~~~~~~~~~~~~~~~^^^^^^
  File "c:\Users\ext.matheusmm\Documents\Envio de Emails\.venv\Lib\site-packages\pandas\io\excel\_base.py", line 605, in raise_if_bad_sheet_by_name
    raise ValueError(f"Worksheet named '{name}' not found")
ValueError: Worksheet named 'Tabela - Produção Diária' not found
repr path: '\\\\brtlgwvfs01eld\\Florestal\\015_Logística Florestal e Infra Estrutura\\002 - Logistica Florestal\\01. Base de Dados\\02. Manuais\\09. ChatBot\\Report Operacional\\Report Operacional V2.xlsx'
exists: True
path match True
['Planilha1', 'Planilha2', 'Planilha3', 'Planilha4', 'Volume Real Diário']
sheets ['Planilha1', 'Planilha2', 'Planilha3', 'Planilha4', 'Volume Real Diário']
c:\Users\ext.matheusmm\Documents\Envio de Emails\.venv\Lib\site-packages\openpyxl\worksheet\_reader.py:329: UserWarning: Slicer List extension is not supported and will be removed
  warn(msg)
path \\brtlgwvfs01eld\Florestal\015_Logística Florestal e Infra Estrutura\002 - Logistica Florestal\01. Base de Dados\02. Manuais\09. ChatBot\Report Operacional\Report Operacional V2.xlsx
--- Volume Real Diário
c:\Users\ext.matheusmm\Documents\Envio de Emails\.venv\Lib\site-packages\openpyxl\worksheet\_reader.py:329: UserWarning: Slicer List extension is not supported and will be removed
  warn(msg)
---                     ---                 ---                 ---                 ---                 ---                 ---                 ---                 ---                 ---                 ---                 ---                 ---                 ---                 ---                 ---                 ---                 ---                 ---                 ---                 ---                 ---                 ---                 ---                 ---                 ---                 ---                 ---                 ---                 ---                 ---                 ---                 ---
---                     ---                 ---                 ---                 ---                 ---                 ---                 ---                 ---                 ---                 ---                 ---                 ---                 ---                 ---                 ---                 ---                 ---                 ---                 ---                 ---                 ---                 ---                 ---                 ---                 ---                 ---                 ---                 ---                 ---                 ---                 ---                 ---
---                     ---                 ---                 ---                 ---                 ---                 ---                 ---                 ---                 ---                 ---                 ---                 ---                 ---                 ---                 ---                 ---                 ---                 ---                 ---                 ---                 ---                 ---                 ---                 ---                 ---                 ---                 ---                 ---                 ---                 ---                 ---                 ---
---                     ---                 ---                 ---                 ---                 ---                 ---                 ---                 ---                 ---                 ---                 ---                 ---                 ---                 ---                 ---                 ---                 ---                 ---                 ---                 ---                 ---                 ---                 ---                 ---                 ---                 ---                 ---                 ---                 ---                 ---                 ---                 ---
---                     ---                 ---                 ---                 ---                 ---                 ---                 ---                 ---                 ---                 ---                 ---                 ---                 ---                 ---                 ---                 ---                 ---                 ---                 ---                 ---                 ---                 ---                 ---                 ---                 ---                 ---                 ---                 ---                 ---                 ---                 ---                 ---
---                     ---                 ---                 ---                 ---                 ---                 ---                 ---                 ---                 ---                 ---                 ---                 ---                 ---                 ---                 ---                 ---                 ---                 ---                 ---                 ---                 ---                 ---                 ---                 ---                 ---                 ---                 ---                 ---                 ---                 ---                 ---                 ---
---                     ---                 ---                 ---                 ---                 ---                 ---                 ---                 ---                 ---                 ---                 ---                 ---                 ---                 ---                 ---                 ---                 ---                 ---                 ---                 ---                 ---                 ---                 ---                 ---                 ---                 ---                 ---                 ---                 ---                 ---                 ---                 ---
---                     ---                 ---                 ---                 ---                 ---                 ---                 ---                 ---                 ---                 ---                 ---                 ---                 ---                 ---                 ---                 ---                 ---                 ---                 ---                 ---                 ---                 ---                 ---                 ---                 ---                 ---                 ---                 ---                 ---                 ---                 ---                 ---
---                     ---                 ---                 ---                 ---                 ---                 ---                 ---                 ---                 ---                 ---                 ---                 ---                 ---                 ---                 ---                 ---                 ---                 ---                 ---                 ---                 ---                 ---                 ---                 ---                 ---                 ---                 ---                 ---                 ---                 ---                 ---                 ---
---                     ---                 ---                 ---                 ---                 ---                 ---                 ---                 ---                 ---                 ---                 ---                 ---                 ---                 ---                 ---                 ---                 ---                 ---                 ---                 ---                 ---                 ---                 ---                 ---                 ---                 ---                 ---                 ---                 ---                 ---                 ---                 ---
---                     ---                 ---                 ---                 ---                 ---                 ---                 ---                 ---                 ---                 ---                 ---                 ---                 ---                 ---                 ---                 ---                 ---                 ---                 ---                 ---                 ---                 ---                 ---                 ---                 ---                 ---                 ---                 ---                 ---                 ---                 ---                 ---
---                     ---                 ---                 ---                 ---                 ---                 ---                 ---                 ---                 ---                 ---                 ---                 ---                 ---                 ---                 ---                 ---                 ---                 ---                 ---                 ---                 ---                 ---                 ---                 ---                 ---                 ---                 ---                 ---                 ---                 ---                 ---                 ---
---                     ---                 ---                 ---                 ---                 ---                 ---                 ---                 ---                 ---                 ---                 ---                 ---                 ---                 ---                 ---                 ---                 ---                 ---                 ---                 ---                 ---                 ---                 ---                 ---                 ---                 ---                 ---                 ---                 ---                 ---                 ---                 ---
---                     ---                 ---                 ---                 ---                 ---                 ---                 ---                 ---                 ---                 ---                 ---                 ---                 ---                 ---                 ---                 ---                 ---                 ---                 ---                 ---                 ---                 ---                 ---                 ---                 ---                 ---                 ---                 ---                 ---                 ---                 ---                 ---
---                     ---                 ---                 ---                 ---                 ---                 ---                 ---                 ---                 ---                 ---                 ---                 ---                 ---                 ---                 ---                 ---                 ---                 ---                 ---                 ---                 ---                 ---                 ---                 ---                 ---                 ---                 ---                 ---                 ---                 ---                 ---                 ---
---        Vol. movimentado   Rótulos de Coluna                 ---                 ---                 ---                 ---                 ---                 ---                 ---                 ---                 ---                 ---                 ---                 ---                 ---                 ---                 ---                 ---                 ---                 ---                 ---                 ---                 ---                 ---                 ---                 ---                 ---                 ---                 ---                 ---                 ---                 ---
---                         2026-05-01 00:00:00 2026-05-02 00:00:00 2026-05-03 00:00:00 2026-05-04 00:00:00 2026-05-05 00:00:00 2026-05-06 00:00:00 2026-05-07 00:00:00 2026-05-08 00:00:00 2026-05-09 00:00:00 2026-05-10 00:00:00 2026-05-11 00:00:00 2026-05-12 00:00:00 2026-05-13 00:00:00 2026-05-14 00:00:00 2026-05-15 00:00:00 2026-05-16 00:00:00 2026-05-17 00:00:00 2026-05-18 00:00:00 2026-05-19 00:00:00 2026-05-20 00:00:00 2026-05-21 00:00:00 2026-05-22 00:00:00 2026-05-23 00:00:00 2026-05-24 00:00:00 2026-05-25 00:00:00 2026-05-26 00:00:00 2026-05-27 00:00:00 2026-05-28 00:00:00 2026-05-29 00:00:00 2026-05-30 00:00:00 2026-05-31 00:00:00
---                    2026                 ---                 ---                 ---                 ---                 ---                 ---                 ---                 ---                 ---                 ---                 ---                 ---                 ---                 ---                 ---                 ---                 ---                 ---                 ---                 ---                 ---                 ---                 ---                 ---                 ---                 ---                 ---                 ---                 ---                 ---                 ---
--- Tora Celulose Sem Casca            18944.23            18780.81            18834.24             17107.9             17574.3            17801.24            17841.63            16873.86            18180.61            16657.35            17737.08            17793.65            18996.65            18669.32            15658.18            18668.55            14127.62             8832.55            18902.25            18688.94            18656.43             17278.4            17393.79             17007.8            16704.42            15525.31            12957.28            16409.07            15942.32             16807.6            16709.15
---       Barranco Vermelho                 ---              683.08             3193.29             3476.76             3268.01              3061.9             3616.12             2712.46             2980.26              866.74             2548.53             3015.21             3485.79             3482.99             2076.77             2471.09              954.18              195.28             2530.56             3028.62             3449.47             1826.51                 ---                 ---                 ---                 ---                 ---                 ---                 ---                 ---                 ---
shape (169, 33)

--- Planilha1
Dados retornados para Vol. movimentado, 2026 - Tora Celulose Sem Casca - Barranco Vermelho, 13/05/2026, All - Mai (primeiras 1000 linhas).                     ---                      ---                       ---                                      ---                             ---                        ---                         ---                   ---                          ---               ---                      ---               ---              ---                  ---                   ---                     ---             ---            ---            ---            ---                   ---                           ---                              ---                  ---                           ---                       ---                     ---                      ---                             ---                  ---                    ---                  ---                  ---                  ---                           ---                     ---               ---               ---                       ---                                            ---                                            ---                                                  ---                                                      ---
                                                                                                                                       ---                     ---                      ---                       ---                                      ---                             ---                        ---                         ---                   ---                          ---               ---                      ---               ---              ---                  ---                   ---                     ---             ---            ---            ---            ---                   ---                           ---                              ---                  ---                           ---                       ---                     ---                      ---                             ---                  ---                    ---                  ---                  ---                  ---                           ---                     ---               ---               ---                       ---                                            ---                                            ---                                                  ---                                                      ---
                                                                                                                 F_Cubo415[Nome da Origem] F_Cubo415[Quadra Pilha] F_Cubo415[Cód Documento] F_Cubo415[Num Viagem Sap] F_Cubo415[Data Chegada Balanca Sem Hora] F_Cubo415[Hora Chegada Balanca] F_Cubo415[Fazenda/Projeto] F_Cubo415[Local de Entrega] F_Cubo415[Grua Carga]        F_Cubo415[Fornecedor] F_Cubo415[Cavalo] F_Cubo415[Tipo Conjunto] F_Cubo415[Talhao] F_Cubo415[Idade] F_Cubo415[Densidade] F_Cubo415[Peso Bruto] F_Cubo415[Peso Liquido] F_Cubo415[Tara] F_Cubo415[Rpv] F_Cubo415[TPC] F_Cubo415[Vol]       F_Cubo415[Rota] F_Cubo415[Vlr Distancia Chao] F_Cubo415[Vlr Distancia Asfalto] F_Cubo415[Distancia] F_Cubo415[Vlr Volume Scanner] F_Cubo415[Tipo de Viagem]  F_Cubo415[Dcr Produto] F_Cubo415[Duracao Patio] F_Cubo415[Densidade Industrial] F_Cubo415[Asf x Vol] F_Cubo415[Terra x Vol] F_Cubo415[DMT x Vol] F_Cubo415[RPV x Vol] F_Cubo415[TPC x Vol] F_Cubo415[Densid. Industrial] F_Cubo415[Personalizar] F_Cubo415[Km SGF] F_Cubo415[Classe] F_Cubo415[Fazenda+Talhão] F_Cubo415[Data Chegada Balanca Sem Hora (Mês)] F_Cubo415[Data Chegada Balanca Sem Hora (Ano)] F_Cubo415[Data Chegada Balanca Sem Hora (Trimestre)] F_Cubo415[Data Chegada Balanca Sem Hora (Índice de Mês)]
                                                                                                                              05-2026.xlsx                 116 - 1                  4569442                  8-623960                      2026-05-13 00:00:00                        03:57:00          Barranco Vermelho                     Fábrica                 ELD52 TRANSPORTADORA PERLOPES LTDA           FRH7F51                  Tritrem               ---             8.44               492.71                 73970                   48780           25190            782          62.16          62.41 Rota 262 (campo x cc)                         22.56                            145.3               167.86                         62.41     Madeira para Celulose Tora Celulose Sem Casca                    37.55                          424.65             9068.173              1407.9696           10476.1426             48804.62            3879.4056                    26502.4065                Agregado            335.72                 B                       ---                                            mai                                           2026                                               Trim.2                                                        5
                                                                                                                              05-2026.xlsx                 116 - 1                  4569449                  8-623967                      2026-05-13 00:00:00                        02:48:00          Barranco Vermelho                     Fábrica                 ELD52 ELDORADO BRASIL CELULOSE S/A           RWH9A64                  Tritrem               ---             8.44               492.71                 75380                   46752           28628            792          62.12          59.02 Rota 262 (campo x cc)                         22.56                            145.3               167.86                         59.02     Madeira para Celulose Tora Celulose Sem Casca                    40.32                          424.65             8575.606              1331.4912            9907.0972             46743.84            3666.3224                     25062.843                Eldorado            335.72                 B                       ---                                            mai                                           2026                                               Trim.2                                                        5
                                                                                                                              05-2026.xlsx                 116 - 1                  4569403                  8-623921                      2026-05-13 00:00:00                        00:43:00          Barranco Vermelho                     Fábrica                 ELD52 ELDORADO BRASIL CELULOSE S/A           RWH5G01                  Tritrem               ---             8.44               492.71                 77020                   50770           26250            802          62.03          63.32 Rota 262 (campo x cc)                         22.56                            145.3               167.86                         63.32     Madeira para Celulose Tora Celulose Sem Casca                    35.35                          424.65             9200.396              1428.4992           10628.8952             50782.64            3927.7396                     26888.838                Eldorado            335.72                 B                       ---                                            mai                                           2026                                               Trim.2                                                        5
                                                                                                                              05-2026.xlsx                 116 - 1                  4569337                  8-623855                      2026-05-13 00:00:00                        00:39:00          Barranco Vermelho                     Fábrica                 ELD51 ELDORADO BRASIL CELULOSE S/A           RWI7I61                  Tritrem               ---             8.44               492.71                 80780                   55280           25500            798          62.03          69.24 Rota 262 (campo x cc)                         22.56                            145.3               167.86                         69.24     Madeira para Celulose Tora Celulose Sem Casca                    34.87                          424.65            10060.572              1562.0544           11622.6264             55253.52            4294.9572                     29402.766                Eldorado            335.72                 B                       ---                                            mai                                           2026                                               Trim.2                                                        5
                                                                                                                              05-2026.xlsx                 116 - 1                  4569448                  8-623966                      2026-05-13 00:00:00                        02:56:00          Barranco Vermelho                     Fábrica                 ELD51 ELDORADO BRASIL CELULOSE S/A           RWH3H67                  Tritrem               ---             8.48               492.71                 77240                   50800           26440            779          62.12          65.18 Rota 262 (campo x cc)                         22.46                            145.3               167.76                         65.18     Madeira para Celulose Tora Celulose Sem Casca                     26.6                          457.15             9470.654              1463.9428           10934.5968             50775.22            4048.9816                     29797.037                Eldorado            335.52                 C                       ---                                            mai                                           2026                                               Trim.2                                                        5
                                                                                                                              05-2026.xlsx                 116 - 1                  4569452                  8-623970                      2026-05-13 00:00:00                        06:17:00          Barranco Vermelho                     Fábrica                 ELD51 ELDORADO BRASIL CELULOSE S/A           RWH5F99                  Tritrem               ---             8.48               492.71                 71520                   45190           26330            794          62.26          56.91 Rota 262 (campo x cc)                         22.46                            145.3               167.76                         56.91     Madeira para Celulose Tora Celulose Sem Casca                     34.4                          457.15             8269.023              1278.1986            9547.2216             45186.54            3543.2166                    26016.4065                Eldorado            335.52                 C                       ---                                            mai                                           2026                                               Trim.2                                                        5
                                                                                                                              05-2026.xlsx                 116 - 1                  4569358                  8-623876                      2026-05-13 00:00:00                        01:16:00          Barranco Vermelho                     Fábrica                 ELD51 TRANSPORTADORA PERLOPES LTDA           SVH8C87                  Tritrem               ---             8.48               492.71                 73160                   45300           27860            777          62.05          58.31 Rota 262 (campo x cc)                         22.46                            145.3               167.76                         58.31     Madeira para Celulose Tora Celulose Sem Casca                     40.8                          457.15             8472.443              1309.6426            9782.0856             45306.87            3618.1355                    26656.4165                Agregado            335.52                 C                       ---                                            mai                                           2026                                               Trim.2                                                        5
                                                                                                                              05-2026.xlsx                 116 - 1                  4569435                  8-623953                      2026-05-13 00:00:00                        04:55:00          Barranco Vermelho                     Fábrica                 ELD51 TRANSPORTADORA PERLOPES LTDA           STF5D83                  Tritrem               ---             8.48               492.71                 74520                   46380           28140            794           62.2          58.39 Rota 262 (campo x cc)                         22.46                            145.3               167.76                         58.39     Madeira para Celulose Tora Celulose Sem Casca                    33.12                          457.15             8484.067              1311.4394            9795.5064             46361.66             3631.858                    26692.9885                Agregado            335.52                 C                       ---                                            mai                                           2026                                               Trim.2                                                        5
                                                                                                                              05-2026.xlsx                 116 - 1                  4569371                  8-623889                      2026-05-13 00:00:00                        06:02:00          Barranco Vermelho                     Fábrica                 ELD51 ELDORADO BRASIL CELULOSE S/A           RWH9A61                  Tritrem               ---             8.48               492.71                 79090                   53050           26040            776          62.25          68.32 Rota 262 (campo x cc)                         22.46                            145.3               167.76                         68.32     Madeira para Celulose Tora Celulose Sem Casca                    39.58                          457.15             9926.896              1534.4672           11461.3632             53016.32              4252.92                     31232.488                Eldorado            335.52                 C                       ---                                            mai                                           2026                                               Trim.2                                                        5
                                                                                                                              05-2026.xlsx                 116 - 1                  4569476                  8-623994                      2026-05-13 00:00:00                        06:24:00          Barranco Vermelho                     Fábrica                 ELD51 ELDORADO BRASIL CELULOSE S/A           RWH6I21                  Tritrem               ---             8.48               492.71                 73890                   48310           25580            761          62.27          63.47 Rota 262 (campo x cc)                         22.46                            145.3               167.76                         63.47     Madeira para Celulose Tora Celulose Sem Casca                     45.5                          457.15             9222.191              1425.5362           10647.7272             48300.67            3952.2769                    29015.3105                Eldorado            335.52                 C                       ---                                            mai                                           2026                                               Trim.2                                                        5
                                                                                                                              05-2026.xlsx                 116 - 1                  4569701                  8-624219                      2026-05-13 00:00:00                        23:02:00          Barranco Vermelho                     Fábrica                 ELD52 ELDORADO BRASIL CELULOSE S/A           RWI9J95                  Tritrem               ---             8.54               492.71                 81320                   53230           28090            840          53.96          63.34 Rota 262 (campo x cc)                         18.89                            145.3               164.19                         63.34     Madeira para Celulose Tora Celulose Sem Casca                    25.85                          480.03             9203.302              1196.4926           10399.7946              53205.6            3417.8264                    30405.1002                Eldorado            328.38                 D                       ---                                            mai                                           2026                                               Trim.2                                                        5
                                                                                                                              05-2026.xlsx                 116 - 1                  4569732                  8-624250                      2026-05-13 00:00:00                        20:53:00          Barranco Vermelho                     Fábrica                 ELD52 TRANSPORTADORA PERLOPES LTDA           STD7C52                  Tritrem               ---             8.54               492.71                 76340                   49020           27320            823          53.87          59.57 Rota 262 (campo x cc)                         18.89                            145.3               164.19                         59.57     Madeira para Celulose Tora Celulose Sem Casca                    38.15                          480.03             8655.521              1125.2773            9780.7983             49026.11            3209.0359                    28595.3871                Agregado            328.38                 D                       ---                                            mai                                           2026                                               Trim.2                                                        5
                                                                                                                              05-2026.xlsx                 116 - 1                  4569551                  8-624069                      2026-05-13 00:00:00                        09:19:00          Barranco Vermelho                     Fábrica                 ELD52 ELDORADO BRASIL CELULOSE S/A           RWI9J95                  Tritrem                35              8.5               492.71                 72750                   44890           27860            783          59.39          57.36 Rota 262 (campo x cc)                          21.3                            145.3                166.6                         57.36     Madeira para Celulose Tora Celulose Sem Casca                    34.68                          428.06             8334.408               1221.768             9556.176             44912.88            3406.6104                    24553.5216                Eldorado             333.2                 B      Barranco Vermelho-35                                            mai                                           2026                                               Trim.2                                                        5
                                                                                                                              05-2026.xlsx                 116 - 1                  4569580                  8-624098                      2026-05-13 00:00:00                        12:14:00          Barranco Vermelho                     Fábrica                 ELD52 TRANSPORTADORA PERLOPES LTDA           ENU6J23                  Tritrem                35              8.5               492.71                 77630                   52600           25030            782          59.51          67.26 Rota 262 (campo x cc)                          21.3                            145.3                166.6                         67.26     Madeira para Celulose Tora Celulose Sem Casca                    43.17                          428.06             9772.878               1432.638            11205.516             52597.32            4002.6426                    28791.3156                Agregado             333.2                 B      Barranco Vermelho-35                                            mai                                           2026                                               Trim.2                                                        5
                                                                                                                              05-2026.xlsx                 116 - 1                  4569664                  8-624182                      2026-05-13 00:00:00                        15:34:00          Barranco Vermelho                     Fábrica                 ELD52 ELDORADO BRASIL CELULOSE S/A           RWH5F99                  Tritrem                35              8.5               492.71                 74030                   47650           26380            760          59.65          62.73 Rota 262 (campo x cc)                          21.3                            145.3                166.6                         62.73     Madeira para Celulose Tora Celulose Sem Casca                    31.92                          428.06             9114.669               1336.149            10450.818              47674.8            3741.8445                    26852.2038                Eldorado             333.2                 B      Barranco Vermelho-35                                            mai                                           2026                                               Trim.2                                                        5
                                                                                                                              05-2026.xlsx                 116 - 1                  4569660                  8-624178                      2026-05-13 00:00:00                        17:07:00          Barranco Vermelho                     Fábrica                 ELD52 TRANSPORTADORA PERLOPES LTDA           FNA7J51                  Tritrem                35              8.5               492.71                 75390                   50330           25060            764          59.71          65.91 Rota 262 (campo x cc)                          21.3                            145.3                166.6                         65.91     Madeira para Celulose Tora Celulose Sem Casca                    45.53                          428.06             9576.723               1403.883            10980.606             50355.24            3935.4861                    28213.4346                Agregado             333.2                 B      Barranco Vermelho-35                                            mai                                           2026                                               Trim.2                                                        5
                                                                                                                              05-2026.xlsx                 116 - 1                  4569534                  8-624052                      2026-05-13 00:00:00                        12:43:00          Barranco Vermelho                     Fábrica                 ELD52 ELDORADO BRASIL CELULOSE S/A           RWH6I14                  Tritrem                35              8.5               492.71                 76180                   49930           26250            756          59.53          66.04 Rota 262 (campo x cc)                          21.3                            145.3                166.6                         66.04     Madeira para Celulose Tora Celulose Sem Casca                       47                          428.06             9595.612               1406.652            11002.264             49926.24            3931.3612                    28269.0824                Eldorado             333.2                 B      Barranco Vermelho-35                                            mai                                           2026                                               Trim.2                                                        5
shape (58, 44)

--- Planilha2
Dados retornados para DMT Total, 2026 - Tora Madeira - Inservivel, 07/05/2026, All - Mai (primeiras 1000 linhas).                     ---                      ---                       ---                                      ---                             ---                        ---                         ---                   ---                          ---               ---                      ---               ---              ---                  ---                   ---                     ---             ---            ---            ---            ---                   ---                           ---                              ---                  ---                           ---                       ---                       ---                      ---                             ---                  ---                    ---                  ---                  ---                  ---                           ---                     ---               ---               ---                       ---                                            ---                                            ---                                                  ---                                                      ---
                                                                                                              ---                     ---                      ---                       ---                                      ---                             ---                        ---                         ---                   ---                          ---               ---                      ---               ---              ---                  ---                   ---                     ---             ---            ---            ---            ---                   ---                           ---                              ---                  ---                           ---                       ---                       ---                      ---                             ---                  ---                    ---                  ---                  ---                  ---                           ---                     ---               ---               ---                       ---                                            ---                                            ---                                                  ---                                                      ---
                                                                                        F_Cubo415[Nome da Origem] F_Cubo415[Quadra Pilha] F_Cubo415[Cód Documento] F_Cubo415[Num Viagem Sap] F_Cubo415[Data Chegada Balanca Sem Hora] F_Cubo415[Hora Chegada Balanca] F_Cubo415[Fazenda/Projeto] F_Cubo415[Local de Entrega] F_Cubo415[Grua Carga]        F_Cubo415[Fornecedor] F_Cubo415[Cavalo] F_Cubo415[Tipo Conjunto] F_Cubo415[Talhao] F_Cubo415[Idade] F_Cubo415[Densidade] F_Cubo415[Peso Bruto] F_Cubo415[Peso Liquido] F_Cubo415[Tara] F_Cubo415[Rpv] F_Cubo415[TPC] F_Cubo415[Vol]       F_Cubo415[Rota] F_Cubo415[Vlr Distancia Chao] F_Cubo415[Vlr Distancia Asfalto] F_Cubo415[Distancia] F_Cubo415[Vlr Volume Scanner] F_Cubo415[Tipo de Viagem]    F_Cubo415[Dcr Produto] F_Cubo415[Duracao Patio] F_Cubo415[Densidade Industrial] F_Cubo415[Asf x Vol] F_Cubo415[Terra x Vol] F_Cubo415[DMT x Vol] F_Cubo415[RPV x Vol] F_Cubo415[TPC x Vol] F_Cubo415[Densid. Industrial] F_Cubo415[Personalizar] F_Cubo415[Km SGF] F_Cubo415[Classe] F_Cubo415[Fazenda+Talhão] F_Cubo415[Data Chegada Balanca Sem Hora (Mês)] F_Cubo415[Data Chegada Balanca Sem Hora (Ano)] F_Cubo415[Data Chegada Balanca Sem Hora (Trimestre)] F_Cubo415[Data Chegada Balanca Sem Hora (Índice de Mês)]
                                                                                                     05-2026.xlsx                4014 - 1                  4555806                  20-11324                      2026-05-07 00:00:00                        02:06:00        Boa Esperança-Blaya                     Fábrica                ELDI35 ELDORADO BRASIL CELULOSE S/A           QAS7J62       Tritrem Inservível                 7             4.71               454.64                 63180                   37770           25410            602              0          62.73 Rota 262 (campo x cc)                          4.06                            30.28                34.34                         62.73                  Biomassa Tora Madeira - Inservivel                   177.57                               0            1899.4644               254.6838            2154.1482             37763.46                    0                             0                Eldorado             68.68                 A     Boa Esperança-Blaya-7                                            mai                                           2026                                               Trim.2                                                        5
                                                                                                     05-2026.xlsx                4014 - 1                  4555803                  20-11321                      2026-05-07 00:00:00                        01:08:00        Boa Esperança-Blaya                     Fábrica                ELDI35 ELDORADO BRASIL CELULOSE S/A           QAZ1B40       Tritrem Inservível                 6             4.72               454.64                 58870                   33670           25200            640              0          52.62 Rota 262 (campo x cc)                          5.41                            30.28                35.69                         52.62                  Biomassa Tora Madeira - Inservivel                    95.67                               0            1593.3336               284.6742            1878.0078              33676.8                    0                             0                Eldorado             71.38                 A     Boa Esperança-Blaya-6                                            mai                                           2026                                               Trim.2                                                        5
                                                                                                     05-2026.xlsx                4014 - 1                  4555807                  20-11325                      2026-05-07 00:00:00                        02:40:00        Boa Esperança-Blaya                     Fábrica                ELDI35 ELDORADO BRASIL CELULOSE S/A           QAB7A34       Tritrem Inservível                 6             4.72               454.64                 65680                   40590           25090            572              0          70.99 Rota 262 (campo x cc)                          5.41                            30.28                35.69                         70.99                  Biomassa Tora Madeira - Inservivel                   196.17                               0            2149.5772               384.0559            2533.6331             40606.28                    0                             0                Eldorado             71.38                 A     Boa Esperança-Blaya-6                                            mai                                           2026                                               Trim.2                                                        5
                                                                                                     05-2026.xlsx                4014 - 1                  4555829                  20-11347                      2026-05-07 00:00:00                        22:55:00        Boa Esperança-Blaya                     Fábrica                ELDI35 ELDORADO BRASIL CELULOSE S/A           QAZ1B45       Tritrem Inservível                 7             4.71               454.64                 65980                   40570           25410            609              0           66.6 Rota 262 (campo x cc)                          4.06                            30.28                34.34                          66.6                  Biomassa Tora Madeira - Inservivel                    62.88                               0             2016.648                270.396             2287.044              40559.4                    0                             0                Eldorado             68.68                 A     Boa Esperança-Blaya-7                                            mai                                           2026                                               Trim.2                                                        5
                                                                                                     05-2026.xlsx                4014 - 1                  4555813                  20-11331                      2026-05-07 00:00:00                        10:00:00        Boa Esperança-Blaya                     Fábrica                ELDI35 ELDORADO BRASIL CELULOSE S/A           QAB7A35       Tritrem Inservível                 6             4.72               454.64                 69280                   43750           25530            650              0          67.35 Rota 262 (campo x cc)                          5.41                            30.28                35.69                         67.35                  Biomassa Tora Madeira - Inservivel                    123.1                               0             2039.358               364.3635            2403.7215              43777.5                    0                             0                Eldorado             71.38                 A     Boa Esperança-Blaya-6                                            mai                                           2026                                               Trim.2                                                        5
                                                                                                     05-2026.xlsx                4014 - 1                  4555819                  20-11337                      2026-05-07 00:00:00                        14:38:00        Boa Esperança-Blaya                     Fábrica                ELDI35 ELDORADO BRASIL CELULOSE S/A           QAZ1B40       Tritrem Inservível                 7             4.71               454.64                 62630                   37550           25080            593              0          63.31 Rota 262 (campo x cc)                          4.06                            30.28                34.34                         63.31                  Biomassa Tora Madeira - Inservivel                    77.03                               0            1917.0268               257.0386            2174.0654             37542.83                    0                             0                Eldorado             68.68                 A     Boa Esperança-Blaya-7                                            mai                                           2026                                               Trim.2                                                        5
                                                                                                     05-2026.xlsx                4014 - 1                  4555808                  20-11326                      2026-05-07 00:00:00                        02:28:00        Boa Esperança-Blaya                     Fábrica                ELDI35 ELDORADO BRASIL CELULOSE S/A           QAB7A35       Tritrem Inservível                 6             4.72               454.64                 62730                   37110           25620            544              0          68.17 Rota 262 (campo x cc)                          5.41                            30.28                35.69                         68.17                  Biomassa Tora Madeira - Inservivel                   110.28                               0            2064.1876               368.7997            2432.9873             37084.48                    0                             0                Eldorado             71.38                 A     Boa Esperança-Blaya-6                                            mai                                           2026                                               Trim.2                                                        5
                                                                                                     05-2026.xlsx                4014 - 1                  4555811                  20-11329                      2026-05-07 00:00:00                        07:30:00        Boa Esperança-Blaya                     Fábrica                ELDI35 ELDORADO BRASIL CELULOSE S/A           QAZ1B40       Tritrem Inservível                 6             4.72               454.64                 65480                   40330           25150            616              0           65.5 Rota 262 (campo x cc)                          5.41                            30.28                35.69                          65.5                  Biomassa Tora Madeira - Inservivel                   149.37                               0              1983.34                354.355             2337.695                40348                    0                             0                Eldorado             71.38                 A     Boa Esperança-Blaya-6                                            mai                                           2026                                               Trim.2                                                        5
                                                                                                     05-2026.xlsx                4014 - 1                  4555812                  20-11330                      2026-05-07 00:00:00                        06:24:00        Boa Esperança-Blaya                     Fábrica                ELDI35 ELDORADO BRASIL CELULOSE S/A           QAS7J67       Tritrem Inservível                 6             4.72               454.64                 68170                   42870           25300            610              0          70.27 Rota 262 (campo x cc)                          5.41                            30.28                35.69                         70.27                  Biomassa Tora Madeira - Inservivel                   187.48                               0            2127.7756               380.1607            2507.9363              42864.7                    0                             0                Eldorado             71.38                 A     Boa Esperança-Blaya-6                                            mai                                           2026                                               Trim.2                                                        5
                                                                                                     05-2026.xlsx                4014 - 1                  4555827                  20-11345                      2026-05-07 00:00:00                        20:26:00        Boa Esperança-Blaya                     Fábrica                ELDI35 ELDORADO BRASIL CELULOSE S/A           QAS7J62       Tritrem Inservível                 7             4.71               454.64                 63220                   37730           25490            588              0          64.16 Rota 262 (campo x cc)                          4.06                            30.28                34.34                         64.16                  Biomassa Tora Madeira - Inservivel                   110.57                               0            1942.7648               260.4896            2203.2544             37726.08                    0                             0                Eldorado             68.68                 A     Boa Esperança-Blaya-7                                            mai                                           2026                                               Trim.2                                                        5
                                                                                                     05-2026.xlsx                4014 - 1                  4555814                  20-11332                      2026-05-07 00:00:00                        09:12:00        Boa Esperança-Blaya                     Fábrica                ELDI35 ELDORADO BRASIL CELULOSE S/A           QAS7J62       Tritrem Inservível                 6             4.72               454.64                 65830                   40510           25320            609              0          66.52 Rota 262 (campo x cc)                          5.41                            30.28                35.69                         66.52                  Biomassa Tora Madeira - Inservivel                     83.9                               0            2014.2256               359.8732            2374.0988             40510.68                    0                             0                Eldorado             71.38                 A     Boa Esperança-Blaya-6                                            mai                                           2026                                               Trim.2                                                        5
                                                                                                     05-2026.xlsx                4014 - 1                  4555809                  20-11327                      2026-05-07 00:00:00                        04:15:00        Boa Esperança-Blaya                     Fábrica                ELDI35 ELDORADO BRASIL CELULOSE S/A           QAB7A10       Tritrem Inservível                 6             4.72               454.64                 63250                   37800           25450            561              0          67.41 Rota 262 (campo x cc)                          5.41                            30.28                35.69                         67.41                  Biomassa Tora Madeira - Inservivel                   165.83                               0            2041.1748               364.6881            2405.8629             37817.01                    0                             0                Eldorado             71.38                 A     Boa Esperança-Blaya-6                                            mai                                           2026                                               Trim.2                                                        5
                                                                                                     05-2026.xlsx                4014 - 1                  4555804                  20-11322                      2026-05-07 00:00:00                        00:56:00        Boa Esperança-Blaya                     Fábrica                ELDI35 ELDORADO BRASIL CELULOSE S/A           QAZ1B45       Tritrem Inservível                 6             4.72               454.64                 65020                   39530           25490            605              0          65.29 Rota 262 (campo x cc)                          5.41                            30.28                35.69                         65.29                  Biomassa Tora Madeira - Inservivel                    70.25                               0            1976.9812               353.2189            2330.2001             39500.45                    0                             0                Eldorado             71.38                 A     Boa Esperança-Blaya-6                                            mai                                           2026                                               Trim.2                                                        5
                                                                                                     05-2026.xlsx                4014 - 1                  4555824                  20-11342                      2026-05-07 00:00:00                        17:27:00        Boa Esperança-Blaya                     Fábrica                ELDI35 ELDORADO BRASIL CELULOSE S/A           QAZ1B45       Tritrem Inservível                 7             4.71               454.64                 66860                   41520           25340            606              0          68.57 Rota 262 (campo x cc)                          4.06                            30.28                34.34                         68.57                  Biomassa Tora Madeira - Inservivel                    90.23                               0            2076.2996               278.3942            2354.6938             41553.42                    0                             0                Eldorado             68.68                 A     Boa Esperança-Blaya-7                                            mai                                           2026                                               Trim.2                                                        5
                                                                                                     05-2026.xlsx                4014 - 1                  4555817                  20-11335                      2026-05-07 00:00:00                        13:20:00        Boa Esperança-Blaya                     Fábrica                ELDI35 ELDORADO BRASIL CELULOSE S/A           QAS7J67       Tritrem Inservível                 6             4.72               454.64                 65570                   40330           25240            675              0          59.76 Rota 262 (campo x cc)                          5.41                            30.28                35.69                         59.76                  Biomassa Tora Madeira - Inservivel                    72.65                               0            1809.5328               323.3016            2132.8344                40338                    0                             0                Eldorado             71.38                 A     Boa Esperança-Blaya-6                                            mai                                           2026                                               Trim.2                                                        5
                                                                                                     05-2026.xlsx                4014 - 1                  4555818                  20-11336                      2026-05-07 00:00:00                        12:31:00        Boa Esperança-Blaya                     Fábrica                ELDI35 ELDORADO BRASIL CELULOSE S/A           QAZ1B45       Tritrem Inservível                 6             4.72               454.64                 66400                   41050           25350            657              0          62.51 Rota 262 (campo x cc)                          5.41                            30.28                35.69                         62.51                  Biomassa Tora Madeira - Inservivel                    66.62                               0            1892.8028               338.1791            2230.9819             41069.07                    0                             0                Eldorado             71.38                 A     Boa Esperança-Blaya-6                                            mai                                           2026                                               Trim.2                                                        5
                                                                                                     05-2026.xlsx                4014 - 1                  4555822                  20-11340                      2026-05-07 00:00:00                        17:31:00        Boa Esperança-Blaya                     Fábrica                ELDI35 ELDORADO BRASIL CELULOSE S/A           QAB7A34       Tritrem Inservível                 7             4.71               454.64                 66210                   40850           25360            625              0          65.41 Rota 262 (campo x cc)                          4.06                            30.28                34.34                         65.41                  Biomassa Tora Madeira - Inservivel                   143.18                               0            1980.6148               265.5646            2246.1794             40881.25                    0                             0                Eldorado             68.68                 A     Boa Esperança-Blaya-7                                            mai                                           2026                                               Trim.2                                                        5
shape (29, 44)

--- Planilha3
Dados retornados para DMT Total, 2026 - Tora Madeira - Inservivel, 01/05/2026, All - Mai (primeiras 1000 linhas).                     ---                      ---                       ---                                      ---                             ---                        ---                         ---                   ---                          ---               ---                      ---               ---              ---                  ---                   ---                     ---             ---            ---            ---            ---                   ---                           ---                              ---                  ---                           ---                       ---                       ---                      ---                             ---                          ---                  ---                    ---                  ---                  ---                  ---                           ---                     ---               ---               ---                       ---                                            ---                                            ---                                                  ---                                                      ---
                                                                                                              ---                     ---                      ---                       ---                                      ---                             ---                        ---                         ---                   ---                          ---               ---                      ---               ---              ---                  ---                   ---                     ---             ---            ---            ---            ---                   ---                           ---                              ---                  ---                           ---                       ---                       ---                      ---                             ---                          ---                  ---                    ---                  ---                  ---                  ---                           ---                     ---               ---               ---                       ---                                            ---                                            ---                                                  ---                                                      ---
                                                                                        F_Cubo415[Nome da Origem] F_Cubo415[Quadra Pilha] F_Cubo415[Cód Documento] F_Cubo415[Num Viagem Sap] F_Cubo415[Data Chegada Balanca Sem Hora] F_Cubo415[Hora Chegada Balanca] F_Cubo415[Fazenda/Projeto] F_Cubo415[Local de Entrega] F_Cubo415[Grua Carga]        F_Cubo415[Fornecedor] F_Cubo415[Cavalo] F_Cubo415[Tipo Conjunto] F_Cubo415[Talhao] F_Cubo415[Idade] F_Cubo415[Densidade] F_Cubo415[Peso Bruto] F_Cubo415[Peso Liquido] F_Cubo415[Tara] F_Cubo415[Rpv] F_Cubo415[TPC] F_Cubo415[Vol]       F_Cubo415[Rota] F_Cubo415[Vlr Distancia Chao] F_Cubo415[Vlr Distancia Asfalto] F_Cubo415[Distancia] F_Cubo415[Vlr Volume Scanner] F_Cubo415[Tipo de Viagem]    F_Cubo415[Dcr Produto] F_Cubo415[Duracao Patio] F_Cubo415[Densidade Industrial] F_Cubo415[Local de Operação] F_Cubo415[Asf x Vol] F_Cubo415[Terra x Vol] F_Cubo415[DMT x Vol] F_Cubo415[RPV x Vol] F_Cubo415[TPC x Vol] F_Cubo415[Densid. Industrial] F_Cubo415[Personalizar] F_Cubo415[Km SGF] F_Cubo415[Classe] F_Cubo415[Fazenda+Talhão] F_Cubo415[Data Chegada Balanca Sem Hora (Mês)] F_Cubo415[Data Chegada Balanca Sem Hora (Ano)] F_Cubo415[Data Chegada Balanca Sem Hora (Trimestre)] F_Cubo415[Data Chegada Balanca Sem Hora (Índice de Mês)]
                                                                                                     05-2026.xlsx                 116 - 1                  4555676                  20-11194                      2026-05-01 00:00:00                        00:13:00           Buriti da Véstia                     Fábrica                ELDI35 ELDORADO BRASIL CELULOSE S/A           QAB8G61       Tritrem Inservível               08B                8                500.7                 64570                   39430           25140            598          73.01          65.98 Rota 262 (campo x cc)                          3.68                            29.99                33.67                         65.98                  Biomassa Tora Madeira - Inservivel                   516.15                          455.35     Campo x Fábrica_Biomassa            1978.7402               242.8064            2221.5466             39456.04            4817.1998                     30043.993                Eldorado             67.34                 C      Buriti da Véstia-08B                                            mai                                           2026                                               Trim.2                                                        5
                                                                                                     05-2026.xlsx                 116 - 1                  4555675                  20-11193                      2026-05-01 00:00:00                        02:10:00           Buriti da Véstia                     Fábrica                ELDI35 ELDORADO BRASIL CELULOSE S/A           QAS7J72       Tritrem Inservível               08B                8                500.7                 63860                   38350           25510            594          73.09          64.61 Rota 262 (campo x cc)                          3.68                            29.99                33.67                         64.61                  Biomassa Tora Madeira - Inservivel                   497.43                          455.35     Campo x Fábrica_Biomassa            1937.6539               237.7648            2175.4187             38378.34            4722.3449                    29420.1635                Eldorado             67.34                 C      Buriti da Véstia-08B                                            mai                                           2026                                               Trim.2                                                        5
                                                                                                     05-2026.xlsx                 116 - 1                  4555678                  20-11196                      2026-05-01 00:00:00                        04:02:00           Buriti da Véstia                     Fábrica                ELDI35 ELDORADO BRASIL CELULOSE S/A           QAS7J62       Tritrem Inservível               08B                8                500.7                 61610                   36200           25410            558          73.17          64.86 Rota 262 (campo x cc)                          3.68                            29.99                33.67                         64.86                  Biomassa Tora Madeira - Inservivel                   336.83                          455.35     Campo x Fábrica_Biomassa            1945.1514               238.6848            2183.8362             36191.88            4745.8062                     29534.001                Eldorado             67.34                 C      Buriti da Véstia-08B                                            mai                                           2026                                               Trim.2                                                        5
                                                                                                     05-2026.xlsx                 116 - 1                  4555679                  20-11197                      2026-05-01 00:00:00                        05:32:00           Buriti da Véstia                     Fábrica                ELDI35 ELDORADO BRASIL CELULOSE S/A           QAS9A78       Tritrem Inservível               08B                8                500.7                 62340                   37080           25260            567          73.23          65.42 Rota 262 (campo x cc)                          3.68                            29.99                33.67                         65.42                  Biomassa Tora Madeira - Inservivel                   465.57                          455.35     Campo x Fábrica_Biomassa            1961.9458               240.7456            2202.6914             37093.14            4790.7066                     29788.997                Eldorado             67.34                 C      Buriti da Véstia-08B                                            mai                                           2026                                               Trim.2                                                        5
                                                                                                     05-2026.xlsx                 116 - 1                  4555677                  20-11195                      2026-05-01 00:00:00                        07:37:00           Buriti da Véstia                     Fábrica                ELDI35 ELDORADO BRASIL CELULOSE S/A           QAB7A10       Tritrem Inservível               08B                8                500.7                 63380                   38330           25050            585          73.32          65.51 Rota 262 (campo x cc)                          3.68                            29.99                33.67                         65.51                  Biomassa Tora Madeira - Inservivel                   417.27                          455.35     Campo x Fábrica_Biomassa            1964.6449               241.0768            2205.7217             38323.35            4803.1932                    29829.9785                Eldorado             67.34                 C      Buriti da Véstia-08B                                            mai                                           2026                                               Trim.2                                                        5
                                                                                                     05-2026.xlsx                 116 - 1                  4555680                  20-11198                      2026-05-01 00:00:00                        09:31:00           Buriti da Véstia                     Fábrica                ELDI35 ELDORADO BRASIL CELULOSE S/A           QAB7A34       Tritrem Inservível               08B                8                500.7                 65610                   40020           25590            592           73.4          67.62 Rota 262 (campo x cc)                          3.68                            29.99                33.67                         67.62                  Biomassa Tora Madeira - Inservivel                   347.95                          455.35     Campo x Fábrica_Biomassa            2027.9238               248.8416            2276.7654             40031.04             4963.308                     30790.767                Eldorado             67.34                 C      Buriti da Véstia-08B                                            mai                                           2026                                               Trim.2                                                        5
                                                                                                     05-2026.xlsx                 116 - 1                  4555681                  20-11199                      2026-05-01 00:00:00                        09:38:00           Buriti da Véstia                     Fábrica                ELDI35 ELDORADO BRASIL CELULOSE S/A           QAB7A35       Tritrem Inservível               08B                8                500.7                 62230                   36470           25760            554           73.4          65.88 Rota 262 (campo x cc)                          3.68                            29.99                33.67                         65.88                  Biomassa Tora Madeira - Inservivel                   372.85                          455.35     Campo x Fábrica_Biomassa            1975.7412               242.4384            2218.1796             36497.52             4835.592                     29998.458                Eldorado             67.34                 C      Buriti da Véstia-08B                                            mai                                           2026                                               Trim.2                                                        5
                                                                                                     05-2026.xlsx                 116 - 1                  4555682                  20-11200                      2026-05-01 00:00:00                        10:52:00           Buriti da Véstia                     Fábrica                ELDI35 ELDORADO BRASIL CELULOSE S/A           QAZ1B45       Tritrem Inservível               08B                8                500.7                 63280                   37540           25740            602          73.45          62.39 Rota 262 (campo x cc)                          3.68                            29.99                33.67                         62.39                  Biomassa Tora Madeira - Inservivel                   179.63                          455.35     Campo x Fábrica_Biomassa            1871.0761               229.5952            2100.6713             37558.78            4582.5455                    28409.2865                Eldorado             67.34                 C      Buriti da Véstia-08B                                            mai                                           2026                                               Trim.2                                                        5
                                                                                                     05-2026.xlsx                 116 - 1                  4555683                  20-11201                      2026-05-01 00:00:00                        13:05:00           Buriti da Véstia                     Fábrica                ELDI35 ELDORADO BRASIL CELULOSE S/A           QAB8G61       Tritrem Inservível               08B                8                500.7                 63440                   37930           25510            581          73.55          65.32 Rota 262 (campo x cc)                          3.68                            29.99                33.67                         65.32                  Biomassa Tora Madeira - Inservivel                   224.28                          455.35     Campo x Fábrica_Biomassa            1958.9468               240.3776            2199.3244             37950.92             4804.286                     29743.462                Eldorado             67.34                 C      Buriti da Véstia-08B                                            mai                                           2026                                               Trim.2                                                        5
                                                                                                     05-2026.xlsx                 116 - 1                  4555685                  20-11203                      2026-05-01 00:00:00                        14:26:00           Buriti da Véstia                     Fábrica                ELDI35 ELDORADO BRASIL CELULOSE S/A           QAS7J72       Tritrem Inservível               08B                8                500.7                 68120                   42610           25510            645           73.6          66.11 Rota 262 (campo x cc)                          3.68                            29.99                33.67                         66.11                  Biomassa Tora Madeira - Inservivel                   164.08                          455.35     Campo x Fábrica_Biomassa            1982.6389               243.2848            2225.9237             42640.95             4865.696                    30103.1885                Eldorado             67.34                 C      Buriti da Véstia-08B                                            mai                                           2026                                               Trim.2                                                        5
                                                                                                     05-2026.xlsx                 116 - 1                  4555663                  20-11181                      2026-05-01 00:00:00                        15:29:00           Buriti da Véstia                     Fábrica                ELDI35 ELDORADO BRASIL CELULOSE S/A           QAZ1B38       Tritrem Inservível               08B                8                500.7                 72130                   46770           25360            727          73.65           64.3 Rota 262 (campo x cc)                          3.68                            29.99                33.67                          64.3                  Biomassa Tora Madeira - Inservivel                   132.17                          455.35     Campo x Fábrica_Biomassa             1928.357                236.624             2164.981              46746.1             4735.695                     29279.005                Eldorado             67.34                 C      Buriti da Véstia-08B                                            mai                                           2026                                               Trim.2                                                        5
                                                                                                     05-2026.xlsx                 116 - 1                  4555688                  20-11206                      2026-05-01 00:00:00                        17:19:00           Buriti da Véstia                     Fábrica                ELDI35 ELDORADO BRASIL CELULOSE S/A           QAB7A10       Tritrem Inservível               08B                8                500.7                 68230                   42640           25590            618          73.72          68.97 Rota 262 (campo x cc)                          3.68                            29.99                33.67                         68.97                  Biomassa Tora Madeira - Inservivel                    75.23                          455.35     Campo x Fábrica_Biomassa            2068.4103               253.8096            2322.2199             42623.46            5084.4684                    31405.4895                Eldorado             67.34                 C      Buriti da Véstia-08B                                            mai                                           2026                                               Trim.2                                                        5
                                                                                                     05-2026.xlsx                 116 - 1                  4555689                  20-11207                      2026-05-01 00:00:00                        18:04:00           Buriti da Véstia                     Fábrica                ELDI35 ELDORADO BRASIL CELULOSE S/A           QAB7A34       Tritrem Inservível               08B                8                500.7                 62830                   37300           25530            587          73.75          63.55 Rota 262 (campo x cc)                          3.68                            29.99                33.67                         63.55                  Biomassa Tora Madeira - Inservivel                    58.78                          455.35     Campo x Fábrica_Biomassa            1905.8645                233.864            2139.7285             37303.85            4686.8125                    28937.4925                Eldorado             67.34                 C      Buriti da Véstia-08B                                            mai                                           2026                                               Trim.2                                                        5
                                                                                                     05-2026.xlsx                 116 - 1                  4555687                  20-11205                      2026-05-01 00:00:00                        18:10:00           Buriti da Véstia                     Fábrica                ELDI35 ELDORADO BRASIL CELULOSE S/A           QAZ1B45       Tritrem Inservível               08B                8                500.7                 63320                   37500           25820            578          73.76          64.86 Rota 262 (campo x cc)                          3.68                            29.99                33.67                         64.86                  Biomassa Tora Madeira - Inservivel                   107.27                          455.35     Campo x Fábrica_Biomassa            1945.1514               238.6848            2183.8362             37489.08            4784.0736                     29534.001                Eldorado             67.34                 C      Buriti da Véstia-08B                                            mai                                           2026                                               Trim.2                                                        5
                                                                                                     05-2026.xlsx                 116 - 1                  4555690                  20-11208                      2026-05-01 00:00:00                        18:48:00           Buriti da Véstia                     Fábrica                ELDI35 ELDORADO BRASIL CELULOSE S/A           QAB7A35       Tritrem Inservível               08B                8                500.7                 64570                   38730           25840            615          73.78             63 Rota 262 (campo x cc)                          3.68                            29.99                33.67                            63                  Biomassa Tora Madeira - Inservivel                   109.15                          455.35     Campo x Fábrica_Biomassa              1889.37                 231.84              2121.21                38745              4648.14                      28687.05                Eldorado             67.34                 C      Buriti da Véstia-08B                                            mai                                           2026                                               Trim.2                                                        5
                                                                                                     05-2026.xlsx                 116 - 1                  4555691                  20-11209                      2026-05-01 00:00:00                        20:30:00           Buriti da Véstia                     Fábrica                ELDI35 ELDORADO BRASIL CELULOSE S/A           QAB8G61       Tritrem Inservível               08B                8                500.7                 64200                   38680           25520            593          73.85           65.2 Rota 262 (campo x cc)                          3.68                            29.99                33.67                          65.2                  Biomassa Tora Madeira - Inservivel                    86.17                          455.35     Campo x Fábrica_Biomassa             1955.348                239.936             2195.284              38663.6              4815.02                      29688.82                Eldorado             67.34                 C      Buriti da Véstia-08B                                            mai                                           2026                                               Trim.2                                                        5
                                                                                                     05-2026.xlsx                 116 - 1                  4555686                  20-11204                      2026-05-01 00:00:00                        21:34:00           Buriti da Véstia                     Fábrica                ELDI35 ELDORADO BRASIL CELULOSE S/A           QAS9A78       Tritrem Inservível               08B                8                500.7                 62670                   37460           25210            552           73.9          67.81 Rota 262 (campo x cc)                          3.68                            29.99                33.67                         67.81                  Biomassa Tora Madeira - Inservivel                    79.07                          455.35     Campo x Fábrica_Biomassa            2033.6219               249.5408            2283.1627             37431.12             5011.159                    30877.2835                Eldorado             67.34                 C      Buriti da Véstia-08B                                            mai                                           2026                                               Trim.2                                                        5
shape (24, 45)

--- Planilha4
Dados retornados para DMT Total, 2026 - Tora Madeira - Inservivel, 01/05/2026, [dCalendário_Flash].[Ano].[All] - [dCalendário_Flash].[Nome Mês].&[Mai] (primeiras 1000 linhas).                     ---                      ---                       ---                                      ---                             ---                        ---                         ---                   ---                          ---               ---                      ---               ---              ---                  ---                   ---                     ---             ---            ---            ---            ---                   ---                           ---                              ---                  ---                           ---                       ---                       ---                      ---                             ---                          ---                  ---                    ---                  ---                  ---                  ---                           ---                     ---               ---               ---                       ---                                            ---                                            ---                                                  ---                                                      ---
                                                                                                                                                                            ---                     ---                      ---                       ---                                      ---                             ---                        ---                         ---                   ---                          ---               ---                      ---               ---              ---                  ---                   ---                     ---             ---            ---            ---            ---                   ---                           ---                              ---                  ---                           ---                       ---                       ---                      ---                             ---                          ---                  ---                    ---                  ---                  ---                  ---                           ---                     ---               ---               ---                       ---                                            ---                                            ---                                                  ---                                                      ---
                                                                                                                                                      F_Cubo415[Nome da Origem] F_Cubo415[Quadra Pilha] F_Cubo415[Cód Documento] F_Cubo415[Num Viagem Sap] F_Cubo415[Data Chegada Balanca Sem Hora] F_Cubo415[Hora Chegada Balanca] F_Cubo415[Fazenda/Projeto] F_Cubo415[Local de Entrega] F_Cubo415[Grua Carga]        F_Cubo415[Fornecedor] F_Cubo415[Cavalo] F_Cubo415[Tipo Conjunto] F_Cubo415[Talhao] F_Cubo415[Idade] F_Cubo415[Densidade] F_Cubo415[Peso Bruto] F_Cubo415[Peso Liquido] F_Cubo415[Tara] F_Cubo415[Rpv] F_Cubo415[TPC] F_Cubo415[Vol]       F_Cubo415[Rota] F_Cubo415[Vlr Distancia Chao] F_Cubo415[Vlr Distancia Asfalto] F_Cubo415[Distancia] F_Cubo415[Vlr Volume Scanner] F_Cubo415[Tipo de Viagem]    F_Cubo415[Dcr Produto] F_Cubo415[Duracao Patio] F_Cubo415[Densidade Industrial] F_Cubo415[Local de Operação] F_Cubo415[Asf x Vol] F_Cubo415[Terra x Vol] F_Cubo415[DMT x Vol] F_Cubo415[RPV x Vol] F_Cubo415[TPC x Vol] F_Cubo415[Densid. Industrial] F_Cubo415[Personalizar] F_Cubo415[Km SGF] F_Cubo415[Classe] F_Cubo415[Fazenda+Talhão] F_Cubo415[Data Chegada Balanca Sem Hora (Mês)] F_Cubo415[Data Chegada Balanca Sem Hora (Ano)] F_Cubo415[Data Chegada Balanca Sem Hora (Trimestre)] F_Cubo415[Data Chegada Balanca Sem Hora (Índice de Mês)]
                                                                                                                                                                   05-2026.xlsx                 116 - 1                  4555676                  20-11194                      2026-05-01 00:00:00                        00:13:00           Buriti da Véstia                     Fábrica                ELDI35 ELDORADO BRASIL CELULOSE S/A           QAB8G61       Tritrem Inservível               08B                8                500.7                 64570                   39430           25140            598          73.01          65.98 Rota 262 (campo x cc)                          3.68                            29.99                33.67                         65.98                  Biomassa Tora Madeira - Inservivel                   516.15                          455.35     Campo x Fábrica_Biomassa            1978.7402               242.8064            2221.5466             39456.04            4817.1998                     30043.993                Eldorado             67.34                 C      Buriti da Véstia-08B                                            mai                                           2026                                               Trim.2                                                        5
                                                                                                                                                                   05-2026.xlsx                 116 - 1                  4555675                  20-11193                      2026-05-01 00:00:00                        02:10:00           Buriti da Véstia                     Fábrica                ELDI35 ELDORADO BRASIL CELULOSE S/A           QAS7J72       Tritrem Inservível               08B                8                500.7                 63860                   38350           25510            594          73.09          64.61 Rota 262 (campo x cc)                          3.68                            29.99                33.67                         64.61                  Biomassa Tora Madeira - Inservivel                   497.43                          455.35     Campo x Fábrica_Biomassa            1937.6539               237.7648            2175.4187             38378.34            4722.3449                    29420.1635                Eldorado             67.34                 C      Buriti da Véstia-08B                                            mai                                           2026                                               Trim.2                                                        5
                                                                                                                                                                   05-2026.xlsx                 116 - 1                  4555678                  20-11196                      2026-05-01 00:00:00                        04:02:00           Buriti da Véstia                     Fábrica                ELDI35 ELDORADO BRASIL CELULOSE S/A           QAS7J62       Tritrem Inservível               08B                8                500.7                 61610                   36200           25410            558          73.17          64.86 Rota 262 (campo x cc)                          3.68                            29.99                33.67                         64.86                  Biomassa Tora Madeira - Inservivel                   336.83                          455.35     Campo x Fábrica_Biomassa            1945.1514               238.6848            2183.8362             36191.88            4745.8062                     29534.001                Eldorado             67.34                 C      Buriti da Véstia-08B                                            mai                                           2026                                               Trim.2                                                        5
                                                                                                                                                                   05-2026.xlsx                 116 - 1                  4555679                  20-11197                      2026-05-01 00:00:00                        05:32:00           Buriti da Véstia                     Fábrica                ELDI35 ELDORADO BRASIL CELULOSE S/A           QAS9A78       Tritrem Inservível               08B                8                500.7                 62340                   37080           25260            567          73.23          65.42 Rota 262 (campo x cc)                          3.68                            29.99                33.67                         65.42                  Biomassa Tora Madeira - Inservivel                   465.57                          455.35     Campo x Fábrica_Biomassa            1961.9458               240.7456            2202.6914             37093.14            4790.7066                     29788.997                Eldorado             67.34                 C      Buriti da Véstia-08B                                            mai                                           2026                                               Trim.2                                                        5
                                                                                                                                                                   05-2026.xlsx                 116 - 1                  4555677                  20-11195                      2026-05-01 00:00:00                        07:37:00           Buriti da Véstia                     Fábrica                ELDI35 ELDORADO BRASIL CELULOSE S/A           QAB7A10       Tritrem Inservível               08B                8                500.7                 63380                   38330           25050            585          73.32          65.51 Rota 262 (campo x cc)                          3.68                            29.99                33.67                         65.51                  Biomassa Tora Madeira - Inservivel                   417.27                          455.35     Campo x Fábrica_Biomassa            1964.6449               241.0768            2205.7217             38323.35            4803.1932                    29829.9785                Eldorado             67.34                 C      Buriti da Véstia-08B                                            mai                                           2026                                               Trim.2                                                        5
                                                                                                                                                                   05-2026.xlsx                 116 - 1                  4555680                  20-11198                      2026-05-01 00:00:00                        09:31:00           Buriti da Véstia                     Fábrica                ELDI35 ELDORADO BRASIL CELULOSE S/A           QAB7A34       Tritrem Inservível               08B                8                500.7                 65610                   40020           25590            592           73.4          67.62 Rota 262 (campo x cc)                          3.68                            29.99                33.67                         67.62                  Biomassa Tora Madeira - Inservivel                   347.95                          455.35     Campo x Fábrica_Biomassa            2027.9238               248.8416            2276.7654             40031.04             4963.308                     30790.767                Eldorado             67.34                 C      Buriti da Véstia-08B                                            mai                                           2026                                               Trim.2                                                        5
                                                                                                                                                                   05-2026.xlsx                 116 - 1                  4555681                  20-11199                      2026-05-01 00:00:00                        09:38:00           Buriti da Véstia                     Fábrica                ELDI35 ELDORADO BRASIL CELULOSE S/A           QAB7A35       Tritrem Inservível               08B                8                500.7                 62230                   36470           25760            554           73.4          65.88 Rota 262 (campo x cc)                          3.68                            29.99                33.67                         65.88                  Biomassa Tora Madeira - Inservivel                   372.85                          455.35     Campo x Fábrica_Biomassa            1975.7412               242.4384            2218.1796             36497.52             4835.592                     29998.458                Eldorado             67.34                 C      Buriti da Véstia-08B                                            mai                                           2026                                               Trim.2                                                        5
                                                                                                                                                                   05-2026.xlsx                 116 - 1                  4555682                  20-11200                      2026-05-01 00:00:00                        10:52:00           Buriti da Véstia                     Fábrica                ELDI35 ELDORADO BRASIL CELULOSE S/A           QAZ1B45       Tritrem Inservível               08B                8                500.7                 63280                   37540           25740            602          73.45          62.39 Rota 262 (campo x cc)                          3.68                            29.99                33.67                         62.39                  Biomassa Tora Madeira - Inservivel                   179.63                          455.35     Campo x Fábrica_Biomassa            1871.0761               229.5952            2100.6713             37558.78            4582.5455                    28409.2865                Eldorado             67.34                 C      Buriti da Véstia-08B                                            mai                                           2026                                               Trim.2                                                        5
                                                                                                                                                                   05-2026.xlsx                 116 - 1                  4555683                  20-11201                      2026-05-01 00:00:00                        13:05:00           Buriti da Véstia                     Fábrica                ELDI35 ELDORADO BRASIL CELULOSE S/A           QAB8G61       Tritrem Inservível               08B                8                500.7                 63440                   37930           25510            581          73.55          65.32 Rota 262 (campo x cc)                          3.68                            29.99                33.67                         65.32                  Biomassa Tora Madeira - Inservivel                   224.28                          455.35     Campo x Fábrica_Biomassa            1958.9468               240.3776            2199.3244             37950.92             4804.286                     29743.462                Eldorado             67.34                 C      Buriti da Véstia-08B                                            mai                                           2026                                               Trim.2                                                        5
                                                                                                                                                                   05-2026.xlsx                 116 - 1                  4555685                  20-11203                      2026-05-01 00:00:00                        14:26:00           Buriti da Véstia                     Fábrica                ELDI35 ELDORADO BRASIL CELULOSE S/A           QAS7J72       Tritrem Inservível               08B                8                500.7                 68120                   42610           25510            645           73.6          66.11 Rota 262 (campo x cc)                          3.68                            29.99                33.67                         66.11                  Biomassa Tora Madeira - Inservivel                   164.08                          455.35     Campo x Fábrica_Biomassa            1982.6389               243.2848            2225.9237             42640.95             4865.696                    30103.1885                Eldorado             67.34                 C      Buriti da Véstia-08B                                            mai                                           2026                                               Trim.2                                                        5
                                                                                                                                                                   05-2026.xlsx                 116 - 1                  4555663                  20-11181                      2026-05-01 00:00:00                        15:29:00           Buriti da Véstia                     Fábrica                ELDI35 ELDORADO BRASIL CELULOSE S/A           QAZ1B38       Tritrem Inservível               08B                8                500.7                 72130                   46770           25360            727          73.65           64.3 Rota 262 (campo x cc)                          3.68                            29.99                33.67                          64.3                  Biomassa Tora Madeira - Inservivel                   132.17                          455.35     Campo x Fábrica_Biomassa             1928.357                236.624             2164.981              46746.1             4735.695                     29279.005                Eldorado             67.34                 C      Buriti da Véstia-08B                                            mai                                           2026                                               Trim.2                                                        5
                                                                                                                                                                   05-2026.xlsx                 116 - 1                  4555688                  20-11206                      2026-05-01 00:00:00                        17:19:00           Buriti da Véstia                     Fábrica                ELDI35 ELDORADO BRASIL CELULOSE S/A           QAB7A10       Tritrem Inservível               08B                8                500.7                 68230                   42640           25590            618          73.72          68.97 Rota 262 (campo x cc)                          3.68                            29.99                33.67                         68.97                  Biomassa Tora Madeira - Inservivel                    75.23                          455.35     Campo x Fábrica_Biomassa            2068.4103               253.8096            2322.2199             42623.46            5084.4684                    31405.4895                Eldorado             67.34                 C      Buriti da Véstia-08B                                            mai                                           2026                                               Trim.2                                                        5
                                                                                                                                                                   05-2026.xlsx                 116 - 1                  4555689                  20-11207                      2026-05-01 00:00:00                        18:04:00           Buriti da Véstia                     Fábrica                ELDI35 ELDORADO BRASIL CELULOSE S/A           QAB7A34       Tritrem Inservível               08B                8                500.7                 62830                   37300           25530            587          73.75          63.55 Rota 262 (campo x cc)                          3.68                            29.99                33.67                         63.55                  Biomassa Tora Madeira - Inservivel                    58.78                          455.35     Campo x Fábrica_Biomassa            1905.8645                233.864            2139.7285             37303.85            4686.8125                    28937.4925                Eldorado             67.34                 C      Buriti da Véstia-08B                                            mai                                           2026                                               Trim.2                                                        5
                                                                                                                                                                   05-2026.xlsx                 116 - 1                  4555687                  20-11205                      2026-05-01 00:00:00                        18:10:00           Buriti da Véstia                     Fábrica                ELDI35 ELDORADO BRASIL CELULOSE S/A           QAZ1B45       Tritrem Inservível               08B                8                500.7                 63320                   37500           25820            578          73.76          64.86 Rota 262 (campo x cc)                          3.68                            29.99                33.67                         64.86                  Biomassa Tora Madeira - Inservivel                   107.27                          455.35     Campo x Fábrica_Biomassa            1945.1514               238.6848            2183.8362             37489.08            4784.0736                     29534.001                Eldorado             67.34                 C      Buriti da Véstia-08B                                            mai                                           2026                                               Trim.2                                                        5
                                                                                                                                                                   05-2026.xlsx                 116 - 1                  4555690                  20-11208                      2026-05-01 00:00:00                        18:48:00           Buriti da Véstia                     Fábrica                ELDI35 ELDORADO BRASIL CELULOSE S/A           QAB7A35       Tritrem Inservível               08B                8                500.7                 64570                   38730           25840            615          73.78             63 Rota 262 (campo x cc)                          3.68                            29.99                33.67                            63                  Biomassa Tora Madeira - Inservivel                   109.15                          455.35     Campo x Fábrica_Biomassa              1889.37                 231.84              2121.21                38745              4648.14                      28687.05                Eldorado             67.34                 C      Buriti da Véstia-08B                                            mai                                           2026                                               Trim.2                                                        5
                                                                                                                                                                   05-2026.xlsx                 116 - 1                  4555691                  20-11209                      2026-05-01 00:00:00                        20:30:00           Buriti da Véstia                     Fábrica                ELDI35 ELDORADO BRASIL CELULOSE S/A           QAB8G61       Tritrem Inservível               08B                8                500.7                 64200                   38680           25520            593          73.85           65.2 Rota 262 (campo x cc)                          3.68                            29.99                33.67                          65.2                  Biomassa Tora Madeira - Inservivel                    86.17                          455.35     Campo x Fábrica_Biomassa             1955.348                239.936             2195.284              38663.6              4815.02                      29688.82                Eldorado             67.34                 C      Buriti da Véstia-08B                                            mai                                           2026                                               Trim.2                                                        5
                                                                                                                                                                   05-2026.xlsx                 116 - 1                  4555686                  20-11204                      2026-05-01 00:00:00                        21:34:00           Buriti da Véstia                     Fábrica                ELDI35 ELDORADO BRASIL CELULOSE S/A           QAS9A78       Tritrem Inservível               08B                8                500.7                 62670                   37460           25210            552           73.9          67.81 Rota 262 (campo x cc)                          3.68                            29.99                33.67                         67.81                  Biomassa Tora Madeira - Inservivel                    79.07                          455.35     Campo x Fábrica_Biomassa            2033.6219               249.5408            2283.1627             37431.12             5011.159                    30877.2835                Eldorado             67.34                 C      Buriti da Véstia-08B                                            mai                                           2026                                               Trim.2                                                        5
shape (24, 45)

c:\Users\ext.matheusmm\Documents\Envio de Emails\.venv\Lib\site-packages\openpyxl\worksheet\_reader.py:329: UserWarning: Slicer List extension is not supported and will be removed
  warn(msg)
[AVISO] Cabeçalho de produção não encontrado.
len 0
path \\brtlgwvfs01eld\Florestal\015_Logística Florestal e Infra Estrutura\002 - Logistica Florestal\01. Base de Dados\02. Manuais\09. ChatBot\Report Operacional\Report Operacional V2.xlsx
sheet names: ['Planilha1', 'Planilha2', 'Planilha3', 'Planilha4', 'Volume Real Diário']
--- Sheet: Planilha1 shape (58, 44)
no header found in Planilha1
Dados retornados para Vol. movimentado, 2026 - Tora Celulose Sem Casca - Barranco Vermelho, 13/05/2026, All - Mai (primeiras 1000 linhas).                     ---                      ---                       ---                                      ---                             ---                        ---                         ---                   ---                          ---               ---                      ---               ---              ---                  ---                   ---                     ---             ---            ---            ---            ---                   ---                           ---                              ---                  ---                           ---                       ---                     ---                      ---                             ---                  ---                    ---                  ---                  ---                  ---                           ---                     ---               ---               ---                       ---                                            ---                                            ---                                                  ---                                                      ---
                                                                                                                                       ---                     ---                      ---                       ---                                      ---                             ---                        ---                         ---                   ---                          ---               ---                      ---               ---              ---                  ---                   ---                     ---             ---            ---            ---            ---                   ---                           ---                              ---                  ---                           ---                       ---                     ---                      ---                             ---                  ---                    ---                  ---                  ---                  ---                           ---                     ---               ---               ---                       ---                                            ---                                            ---                                                  ---                                                      ---
                                                                                                                 F_Cubo415[Nome da Origem] F_Cubo415[Quadra Pilha] F_Cubo415[Cód Documento] F_Cubo415[Num Viagem Sap] F_Cubo415[Data Chegada Balanca Sem Hora] F_Cubo415[Hora Chegada Balanca] F_Cubo415[Fazenda/Projeto] F_Cubo415[Local de Entrega] F_Cubo415[Grua Carga]        F_Cubo415[Fornecedor] F_Cubo415[Cavalo] F_Cubo415[Tipo Conjunto] F_Cubo415[Talhao] F_Cubo415[Idade] F_Cubo415[Densidade] F_Cubo415[Peso Bruto] F_Cubo415[Peso Liquido] F_Cubo415[Tara] F_Cubo415[Rpv] F_Cubo415[TPC] F_Cubo415[Vol]       F_Cubo415[Rota] F_Cubo415[Vlr Distancia Chao] F_Cubo415[Vlr Distancia Asfalto] F_Cubo415[Distancia] F_Cubo415[Vlr Volume Scanner] F_Cubo415[Tipo de Viagem]  F_Cubo415[Dcr Produto] F_Cubo415[Duracao Patio] F_Cubo415[Densidade Industrial] F_Cubo415[Asf x Vol] F_Cubo415[Terra x Vol] F_Cubo415[DMT x Vol] F_Cubo415[RPV x Vol] F_Cubo415[TPC x Vol] F_Cubo415[Densid. Industrial] F_Cubo415[Personalizar] F_Cubo415[Km SGF] F_Cubo415[Classe] F_Cubo415[Fazenda+Talhão] F_Cubo415[Data Chegada Balanca Sem Hora (Mês)] F_Cubo415[Data Chegada Balanca Sem Hora (Ano)] F_Cubo415[Data Chegada Balanca Sem Hora (Trimestre)] F_Cubo415[Data Chegada Balanca Sem Hora (Índice de Mês)]
                                                                                                                              05-2026.xlsx                 116 - 1                  4569442                  8-623960                      2026-05-13 00:00:00                        03:57:00          Barranco Vermelho                     Fábrica                 ELD52 TRANSPORTADORA PERLOPES LTDA           FRH7F51                  Tritrem               ---             8.44               492.71                 73970                   48780           25190            782          62.16          62.41 Rota 262 (campo x cc)                         22.56                            145.3               167.86                         62.41     Madeira para Celulose Tora Celulose Sem Casca                    37.55                          424.65             9068.173              1407.9696           10476.1426             48804.62            3879.4056                    26502.4065                Agregado            335.72                 B                       ---                                            mai                                           2026                                               Trim.2                                                        5
                                                                                                                              05-2026.xlsx                 116 - 1                  4569449                  8-623967                      2026-05-13 00:00:00                        02:48:00          Barranco Vermelho                     Fábrica                 ELD52 ELDORADO BRASIL CELULOSE S/A           RWH9A64                  Tritrem               ---             8.44               492.71                 75380                   46752           28628            792          62.12          59.02 Rota 262 (campo x cc)                         22.56                            145.3               167.86                         59.02     Madeira para Celulose Tora Celulose Sem Casca                    40.32                          424.65             8575.606              1331.4912            9907.0972             46743.84            3666.3224                     25062.843                Eldorado            335.72                 B                       ---                                            mai                                           2026                                               Trim.2                                                        5
                                                                                                                              05-2026.xlsx                 116 - 1                  4569403                  8-623921                      2026-05-13 00:00:00                        00:43:00          Barranco Vermelho                     Fábrica                 ELD52 ELDORADO BRASIL CELULOSE S/A           RWH5G01                  Tritrem               ---             8.44               492.71                 77020                   50770           26250            802          62.03          63.32 Rota 262 (campo x cc)                         22.56                            145.3               167.86                         63.32     Madeira para Celulose Tora Celulose Sem Casca                    35.35                          424.65             9200.396              1428.4992           10628.8952             50782.64            3927.7396                     26888.838                Eldorado            335.72                 B                       ---                                            mai                                           2026                                               Trim.2                                                        5
                                                                                                                              05-2026.xlsx                 116 - 1                  4569337                  8-623855                      2026-05-13 00:00:00                        00:39:00          Barranco Vermelho                     Fábrica                 ELD51 ELDORADO BRASIL CELULOSE S/A           RWI7I61                  Tritrem               ---             8.44               492.71                 80780                   55280           25500            798          62.03          69.24 Rota 262 (campo x cc)                         22.56                            145.3               167.86                         69.24     Madeira para Celulose Tora Celulose Sem Casca                    34.87                          424.65            10060.572              1562.0544           11622.6264             55253.52            4294.9572                     29402.766                Eldorado            335.72                 B                       ---                                            mai                                           2026                                               Trim.2                                                        5
                                                                                                                              05-2026.xlsx                 116 - 1                  4569448                  8-623966                      2026-05-13 00:00:00                        02:56:00          Barranco Vermelho                     Fábrica                 ELD51 ELDORADO BRASIL CELULOSE S/A           RWH3H67                  Tritrem               ---             8.48               492.71                 77240                   50800           26440            779          62.12          65.18 Rota 262 (campo x cc)                         22.46                            145.3               167.76                         65.18     Madeira para Celulose Tora Celulose Sem Casca                     26.6                          457.15             9470.654              1463.9428           10934.5968             50775.22            4048.9816                     29797.037                Eldorado            335.52                 C                       ---                                            mai                                           2026                                               Trim.2                                                        5
                                                                                                                              05-2026.xlsx                 116 - 1                  4569452                  8-623970                      2026-05-13 00:00:00                        06:17:00          Barranco Vermelho                     Fábrica                 ELD51 ELDORADO BRASIL CELULOSE S/A           RWH5F99                  Tritrem               ---             8.48               492.71                 71520                   45190           26330            794          62.26          56.91 Rota 262 (campo x cc)                         22.46                            145.3               167.76                         56.91     Madeira para Celulose Tora Celulose Sem Casca                     34.4                          457.15             8269.023              1278.1986            9547.2216             45186.54            3543.2166                    26016.4065                Eldorado            335.52                 C                       ---                                            mai                                           2026                                               Trim.2                                                        5
                                                                                                                              05-2026.xlsx                 116 - 1                  4569358                  8-623876                      2026-05-13 00:00:00                        01:16:00          Barranco Vermelho                     Fábrica                 ELD51 TRANSPORTADORA PERLOPES LTDA           SVH8C87                  Tritrem               ---             8.48               492.71                 73160                   45300           27860            777          62.05          58.31 Rota 262 (campo x cc)                         22.46                            145.3               167.76                         58.31     Madeira para Celulose Tora Celulose Sem Casca                     40.8                          457.15             8472.443              1309.6426            9782.0856             45306.87            3618.1355                    26656.4165                Agregado            335.52                 C                       ---                                            mai                                           2026                                               Trim.2                                                        5
                                                                                                                              05-2026.xlsx                 116 - 1                  4569435                  8-623953                      2026-05-13 00:00:00                        04:55:00          Barranco Vermelho                     Fábrica                 ELD51 TRANSPORTADORA PERLOPES LTDA           STF5D83                  Tritrem               ---             8.48               492.71                 74520                   46380           28140            794           62.2          58.39 Rota 262 (campo x cc)                         22.46                            145.3               167.76                         58.39     Madeira para Celulose Tora Celulose Sem Casca                    33.12                          457.15             8484.067              1311.4394            9795.5064             46361.66             3631.858                    26692.9885                Agregado            335.52                 C                       ---                                            mai                                           2026                                               Trim.2                                                        5
                                                                                                                              05-2026.xlsx                 116 - 1                  4569371                  8-623889                      2026-05-13 00:00:00                        06:02:00          Barranco Vermelho                     Fábrica                 ELD51 ELDORADO BRASIL CELULOSE S/A           RWH9A61                  Tritrem               ---             8.48               492.71                 79090                   53050           26040            776          62.25          68.32 Rota 262 (campo x cc)                         22.46                            145.3               167.76                         68.32     Madeira para Celulose Tora Celulose Sem Casca                    39.58                          457.15             9926.896              1534.4672           11461.3632             53016.32              4252.92                     31232.488                Eldorado            335.52                 C                       ---                                            mai                                           2026                                               Trim.2                                                        5
                                                                                                                              05-2026.xlsx                 116 - 1                  4569476                  8-623994                      2026-05-13 00:00:00                        06:24:00          Barranco Vermelho                     Fábrica                 ELD51 ELDORADO BRASIL CELULOSE S/A           RWH6I21                  Tritrem               ---             8.48               492.71                 73890                   48310           25580            761          62.27          63.47 Rota 262 (campo x cc)                         22.46                            145.3               167.76                         63.47     Madeira para Celulose Tora Celulose Sem Casca                     45.5                          457.15             9222.191              1425.5362           10647.7272             48300.67            3952.2769                    29015.3105                Eldorado            335.52                 C                       ---                                            mai                                           2026                                               Trim.2                                                        5
                                                                                                                              05-2026.xlsx                 116 - 1                  4569701                  8-624219                      2026-05-13 00:00:00                        23:02:00          Barranco Vermelho                     Fábrica                 ELD52 ELDORADO BRASIL CELULOSE S/A           RWI9J95                  Tritrem               ---             8.54               492.71                 81320                   53230           28090            840          53.96          63.34 Rota 262 (campo x cc)                         18.89                            145.3               164.19                         63.34     Madeira para Celulose Tora Celulose Sem Casca                    25.85                          480.03             9203.302              1196.4926           10399.7946              53205.6            3417.8264                    30405.1002                Eldorado            328.38                 D                       ---                                            mai                                           2026                                               Trim.2                                                        5
                                                                                                                              05-2026.xlsx                 116 - 1                  4569732                  8-624250                      2026-05-13 00:00:00                        20:53:00          Barranco Vermelho                     Fábrica                 ELD52 TRANSPORTADORA PERLOPES LTDA           STD7C52                  Tritrem               ---             8.54               492.71                 76340                   49020           27320            823          53.87          59.57 Rota 262 (campo x cc)                         18.89                            145.3               164.19                         59.57     Madeira para Celulose Tora Celulose Sem Casca                    38.15                          480.03             8655.521              1125.2773            9780.7983             49026.11            3209.0359                    28595.3871                Agregado            328.38                 D                       ---                                            mai                                           2026                                               Trim.2                                                        5
                                                                                                                              05-2026.xlsx                 116 - 1                  4569551                  8-624069                      2026-05-13 00:00:00                        09:19:00          Barranco Vermelho                     Fábrica                 ELD52 ELDORADO BRASIL CELULOSE S/A           RWI9J95                  Tritrem                35              8.5               492.71                 72750                   44890           27860            783          59.39          57.36 Rota 262 (campo x cc)                          21.3                            145.3                166.6                         57.36     Madeira para Celulose Tora Celulose Sem Casca                    34.68                          428.06             8334.408               1221.768             9556.176             44912.88            3406.6104                    24553.5216                Eldorado             333.2                 B      Barranco Vermelho-35                                            mai                                           2026                                               Trim.2                                                        5
                                                                                                                              05-2026.xlsx                 116 - 1                  4569580                  8-624098                      2026-05-13 00:00:00                        12:14:00          Barranco Vermelho                     Fábrica                 ELD52 TRANSPORTADORA PERLOPES LTDA           ENU6J23                  Tritrem                35              8.5               492.71                 77630                   52600           25030            782          59.51          67.26 Rota 262 (campo x cc)                          21.3                            145.3                166.6                         67.26     Madeira para Celulose Tora Celulose Sem Casca                    43.17                          428.06             9772.878               1432.638            11205.516             52597.32            4002.6426                    28791.3156                Agregado             333.2                 B      Barranco Vermelho-35                                            mai                                           2026                                               Trim.2                                                        5
                                                                                                                              05-2026.xlsx                 116 - 1                  4569664                  8-624182                      2026-05-13 00:00:00                        15:34:00          Barranco Vermelho                     Fábrica                 ELD52 ELDORADO BRASIL CELULOSE S/A           RWH5F99                  Tritrem                35              8.5               492.71                 74030                   47650           26380            760          59.65          62.73 Rota 262 (campo x cc)                          21.3                            145.3                166.6                         62.73     Madeira para Celulose Tora Celulose Sem Casca                    31.92                          428.06             9114.669               1336.149            10450.818              47674.8            3741.8445                    26852.2038                Eldorado             333.2                 B      Barranco Vermelho-35                                            mai                                           2026                                               Trim.2                                                        5
                                                                                                                              05-2026.xlsx                 116 - 1                  4569660                  8-624178                      2026-05-13 00:00:00                        17:07:00          Barranco Vermelho                     Fábrica                 ELD52 TRANSPORTADORA PERLOPES LTDA           FNA7J51                  Tritrem                35              8.5               492.71                 75390                   50330           25060            764          59.71          65.91 Rota 262 (campo x cc)                          21.3                            145.3                166.6                         65.91     Madeira para Celulose Tora Celulose Sem Casca                    45.53                          428.06             9576.723               1403.883            10980.606             50355.24            3935.4861                    28213.4346                Agregado             333.2                 B      Barranco Vermelho-35                                            mai                                           2026                                               Trim.2                                                        5
                                                                                                                              05-2026.xlsx                 116 - 1                  4569534                  8-624052                      2026-05-13 00:00:00                        12:43:00          Barranco Vermelho                     Fábrica                 ELD52 ELDORADO BRASIL CELULOSE S/A           RWH6I14                  Tritrem                35              8.5               492.71                 76180                   49930           26250            756          59.53          66.04 Rota 262 (campo x cc)                          21.3                            145.3                166.6                         66.04     Madeira para Celulose Tora Celulose Sem Casca                       47                          428.06             9595.612               1406.652            11002.264             49926.24            3931.3612                    28269.0824                Eldorado             333.2                 B      Barranco Vermelho-35                                            mai                                           2026                                               Trim.2                                                        5

--- Sheet: Planilha2 shape (29, 44)
no header found in Planilha2
Dados retornados para DMT Total, 2026 - Tora Madeira - Inservivel, 07/05/2026, All - Mai (primeiras 1000 linhas).                     ---                      ---                       ---                                      ---                             ---                        ---                         ---                   ---                          ---               ---                      ---               ---              ---                  ---                   ---                     ---             ---            ---            ---            ---                   ---                           ---                              ---                  ---                           ---                       ---                       ---                      ---                             ---                  ---                    ---                  ---                  ---                  ---                           ---                     ---               ---               ---                       ---                                            ---                                            ---                                                  ---                                                      ---
                                                                                                              ---                     ---                      ---                       ---                                      ---                             ---                        ---                         ---                   ---                          ---               ---                      ---               ---              ---                  ---                   ---                     ---             ---            ---            ---            ---                   ---                           ---                              ---                  ---                           ---                       ---                       ---                      ---                             ---                  ---                    ---                  ---                  ---                  ---                           ---                     ---               ---               ---                       ---                                            ---                                            ---                                                  ---                                                      ---
                                                                                        F_Cubo415[Nome da Origem] F_Cubo415[Quadra Pilha] F_Cubo415[Cód Documento] F_Cubo415[Num Viagem Sap] F_Cubo415[Data Chegada Balanca Sem Hora] F_Cubo415[Hora Chegada Balanca] F_Cubo415[Fazenda/Projeto] F_Cubo415[Local de Entrega] F_Cubo415[Grua Carga]        F_Cubo415[Fornecedor] F_Cubo415[Cavalo] F_Cubo415[Tipo Conjunto] F_Cubo415[Talhao] F_Cubo415[Idade] F_Cubo415[Densidade] F_Cubo415[Peso Bruto] F_Cubo415[Peso Liquido] F_Cubo415[Tara] F_Cubo415[Rpv] F_Cubo415[TPC] F_Cubo415[Vol]       F_Cubo415[Rota] F_Cubo415[Vlr Distancia Chao] F_Cubo415[Vlr Distancia Asfalto] F_Cubo415[Distancia] F_Cubo415[Vlr Volume Scanner] F_Cubo415[Tipo de Viagem]    F_Cubo415[Dcr Produto] F_Cubo415[Duracao Patio] F_Cubo415[Densidade Industrial] F_Cubo415[Asf x Vol] F_Cubo415[Terra x Vol] F_Cubo415[DMT x Vol] F_Cubo415[RPV x Vol] F_Cubo415[TPC x Vol] F_Cubo415[Densid. Industrial] F_Cubo415[Personalizar] F_Cubo415[Km SGF] F_Cubo415[Classe] F_Cubo415[Fazenda+Talhão] F_Cubo415[Data Chegada Balanca Sem Hora (Mês)] F_Cubo415[Data Chegada Balanca Sem Hora (Ano)] F_Cubo415[Data Chegada Balanca Sem Hora (Trimestre)] F_Cubo415[Data Chegada Balanca Sem Hora (Índice de Mês)]
                                                                                                     05-2026.xlsx                4014 - 1                  4555806                  20-11324                      2026-05-07 00:00:00                        02:06:00        Boa Esperança-Blaya                     Fábrica                ELDI35 ELDORADO BRASIL CELULOSE S/A           QAS7J62       Tritrem Inservível                 7             4.71               454.64                 63180                   37770           25410            602              0          62.73 Rota 262 (campo x cc)                          4.06                            30.28                34.34                         62.73                  Biomassa Tora Madeira - Inservivel                   177.57                               0            1899.4644               254.6838            2154.1482             37763.46                    0                             0                Eldorado             68.68                 A     Boa Esperança-Blaya-7                                            mai                                           2026                                               Trim.2                                                        5
                                                                                                     05-2026.xlsx                4014 - 1                  4555803                  20-11321                      2026-05-07 00:00:00                        01:08:00        Boa Esperança-Blaya                     Fábrica                ELDI35 ELDORADO BRASIL CELULOSE S/A           QAZ1B40       Tritrem Inservível                 6             4.72               454.64                 58870                   33670           25200            640              0          52.62 Rota 262 (campo x cc)                          5.41                            30.28                35.69                         52.62                  Biomassa Tora Madeira - Inservivel                    95.67                               0            1593.3336               284.6742            1878.0078              33676.8                    0                             0                Eldorado             71.38                 A     Boa Esperança-Blaya-6                                            mai                                           2026                                               Trim.2                                                        5
                                                                                                     05-2026.xlsx                4014 - 1                  4555807                  20-11325                      2026-05-07 00:00:00                        02:40:00        Boa Esperança-Blaya                     Fábrica                ELDI35 ELDORADO BRASIL CELULOSE S/A           QAB7A34       Tritrem Inservível                 6             4.72               454.64                 65680                   40590           25090            572              0          70.99 Rota 262 (campo x cc)                          5.41                            30.28                35.69                         70.99                  Biomassa Tora Madeira - Inservivel                   196.17                               0            2149.5772               384.0559            2533.6331             40606.28                    0                             0                Eldorado             71.38                 A     Boa Esperança-Blaya-6                                            mai                                           2026                                               Trim.2                                                        5
                                                                                                     05-2026.xlsx                4014 - 1                  4555829                  20-11347                      2026-05-07 00:00:00                        22:55:00        Boa Esperança-Blaya                     Fábrica                ELDI35 ELDORADO BRASIL CELULOSE S/A           QAZ1B45       Tritrem Inservível                 7             4.71               454.64                 65980                   40570           25410            609              0           66.6 Rota 262 (campo x cc)                          4.06                            30.28                34.34                          66.6                  Biomassa Tora Madeira - Inservivel                    62.88                               0             2016.648                270.396             2287.044              40559.4                    0                             0                Eldorado             68.68                 A     Boa Esperança-Blaya-7                                            mai                                           2026                                               Trim.2                                                        5
                                                                                                     05-2026.xlsx                4014 - 1                  4555813                  20-11331                      2026-05-07 00:00:00                        10:00:00        Boa Esperança-Blaya                     Fábrica                ELDI35 ELDORADO BRASIL CELULOSE S/A           QAB7A35       Tritrem Inservível                 6             4.72               454.64                 69280                   43750           25530            650              0          67.35 Rota 262 (campo x cc)                          5.41                            30.28                35.69                         67.35                  Biomassa Tora Madeira - Inservivel                    123.1                               0             2039.358               364.3635            2403.7215              43777.5                    0                             0                Eldorado             71.38                 A     Boa Esperança-Blaya-6                                            mai                                           2026                                               Trim.2                                                        5
                                                                                                     05-2026.xlsx                4014 - 1                  4555819                  20-11337                      2026-05-07 00:00:00                        14:38:00        Boa Esperança-Blaya                     Fábrica                ELDI35 ELDORADO BRASIL CELULOSE S/A           QAZ1B40       Tritrem Inservível                 7             4.71               454.64                 62630                   37550           25080            593              0          63.31 Rota 262 (campo x cc)                          4.06                            30.28                34.34                         63.31                  Biomassa Tora Madeira - Inservivel                    77.03                               0            1917.0268               257.0386            2174.0654             37542.83                    0                             0                Eldorado             68.68                 A     Boa Esperança-Blaya-7                                            mai                                           2026                                               Trim.2                                                        5
                                                                                                     05-2026.xlsx                4014 - 1                  4555808                  20-11326                      2026-05-07 00:00:00                        02:28:00        Boa Esperança-Blaya                     Fábrica                ELDI35 ELDORADO BRASIL CELULOSE S/A           QAB7A35       Tritrem Inservível                 6             4.72               454.64                 62730                   37110           25620            544              0          68.17 Rota 262 (campo x cc)                          5.41                            30.28                35.69                         68.17                  Biomassa Tora Madeira - Inservivel                   110.28                               0            2064.1876               368.7997            2432.9873             37084.48                    0                             0                Eldorado             71.38                 A     Boa Esperança-Blaya-6                                            mai                                           2026                                               Trim.2                                                        5
                                                                                                     05-2026.xlsx                4014 - 1                  4555811                  20-11329                      2026-05-07 00:00:00                        07:30:00        Boa Esperança-Blaya                     Fábrica                ELDI35 ELDORADO BRASIL CELULOSE S/A           QAZ1B40       Tritrem Inservível                 6             4.72               454.64                 65480                   40330           25150            616              0           65.5 Rota 262 (campo x cc)                          5.41                            30.28                35.69                          65.5                  Biomassa Tora Madeira - Inservivel                   149.37                               0              1983.34                354.355             2337.695                40348                    0                             0                Eldorado             71.38                 A     Boa Esperança-Blaya-6                                            mai                                           2026                                               Trim.2                                                        5
                                                                                                     05-2026.xlsx                4014 - 1                  4555812                  20-11330                      2026-05-07 00:00:00                        06:24:00        Boa Esperança-Blaya                     Fábrica                ELDI35 ELDORADO BRASIL CELULOSE S/A           QAS7J67       Tritrem Inservível                 6             4.72               454.64                 68170                   42870           25300            610              0          70.27 Rota 262 (campo x cc)                          5.41                            30.28                35.69                         70.27                  Biomassa Tora Madeira - Inservivel                   187.48                               0            2127.7756               380.1607            2507.9363              42864.7                    0                             0                Eldorado             71.38                 A     Boa Esperança-Blaya-6                                            mai                                           2026                                               Trim.2                                                        5
                                                                                                     05-2026.xlsx                4014 - 1                  4555827                  20-11345                      2026-05-07 00:00:00                        20:26:00        Boa Esperança-Blaya                     Fábrica                ELDI35 ELDORADO BRASIL CELULOSE S/A           QAS7J62       Tritrem Inservível                 7             4.71               454.64                 63220                   37730           25490            588              0          64.16 Rota 262 (campo x cc)                          4.06                            30.28                34.34                         64.16                  Biomassa Tora Madeira - Inservivel                   110.57                               0            1942.7648               260.4896            2203.2544             37726.08                    0                             0                Eldorado             68.68                 A     Boa Esperança-Blaya-7                                            mai                                           2026                                               Trim.2                                                        5
                                                                                                     05-2026.xlsx                4014 - 1                  4555814                  20-11332                      2026-05-07 00:00:00                        09:12:00        Boa Esperança-Blaya                     Fábrica                ELDI35 ELDORADO BRASIL CELULOSE S/A           QAS7J62       Tritrem Inservível                 6             4.72               454.64                 65830                   40510           25320            609              0          66.52 Rota 262 (campo x cc)                          5.41                            30.28                35.69                         66.52                  Biomassa Tora Madeira - Inservivel                     83.9                               0            2014.2256               359.8732            2374.0988             40510.68                    0                             0                Eldorado             71.38                 A     Boa Esperança-Blaya-6                                            mai                                           2026                                               Trim.2                                                        5
                                                                                                     05-2026.xlsx                4014 - 1                  4555809                  20-11327                      2026-05-07 00:00:00                        04:15:00        Boa Esperança-Blaya                     Fábrica                ELDI35 ELDORADO BRASIL CELULOSE S/A           QAB7A10       Tritrem Inservível                 6             4.72               454.64                 63250                   37800           25450            561              0          67.41 Rota 262 (campo x cc)                          5.41                            30.28                35.69                         67.41                  Biomassa Tora Madeira - Inservivel                   165.83                               0            2041.1748               364.6881            2405.8629             37817.01                    0                             0                Eldorado             71.38                 A     Boa Esperança-Blaya-6                                            mai                                           2026                                               Trim.2                                                        5
                                                                                                     05-2026.xlsx                4014 - 1                  4555804                  20-11322                      2026-05-07 00:00:00                        00:56:00        Boa Esperança-Blaya                     Fábrica                ELDI35 ELDORADO BRASIL CELULOSE S/A           QAZ1B45       Tritrem Inservível                 6             4.72               454.64                 65020                   39530           25490            605              0          65.29 Rota 262 (campo x cc)                          5.41                            30.28                35.69                         65.29                  Biomassa Tora Madeira - Inservivel                    70.25                               0            1976.9812               353.2189            2330.2001             39500.45                    0                             0                Eldorado             71.38                 A     Boa Esperança-Blaya-6                                            mai                                           2026                                               Trim.2                                                        5
                                                                                                     05-2026.xlsx                4014 - 1                  4555824                  20-11342                      2026-05-07 00:00:00                        17:27:00        Boa Esperança-Blaya                     Fábrica                ELDI35 ELDORADO BRASIL CELULOSE S/A           QAZ1B45       Tritrem Inservível                 7             4.71               454.64                 66860                   41520           25340            606              0          68.57 Rota 262 (campo x cc)                          4.06                            30.28                34.34                         68.57                  Biomassa Tora Madeira - Inservivel                    90.23                               0            2076.2996               278.3942            2354.6938             41553.42                    0                             0                Eldorado             68.68                 A     Boa Esperança-Blaya-7                                            mai                                           2026                                               Trim.2                                                        5
                                                                                                     05-2026.xlsx                4014 - 1                  4555817                  20-11335                      2026-05-07 00:00:00                        13:20:00        Boa Esperança-Blaya                     Fábrica                ELDI35 ELDORADO BRASIL CELULOSE S/A           QAS7J67       Tritrem Inservível                 6             4.72               454.64                 65570                   40330           25240            675              0          59.76 Rota 262 (campo x cc)                          5.41                            30.28                35.69                         59.76                  Biomassa Tora Madeira - Inservivel                    72.65                               0            1809.5328               323.3016            2132.8344                40338                    0                             0                Eldorado             71.38                 A     Boa Esperança-Blaya-6                                            mai                                           2026                                               Trim.2                                                        5
                                                                                                     05-2026.xlsx                4014 - 1                  4555818                  20-11336                      2026-05-07 00:00:00                        12:31:00        Boa Esperança-Blaya                     Fábrica                ELDI35 ELDORADO BRASIL CELULOSE S/A           QAZ1B45       Tritrem Inservível                 6             4.72               454.64                 66400                   41050           25350            657              0          62.51 Rota 262 (campo x cc)                          5.41                            30.28                35.69                         62.51                  Biomassa Tora Madeira - Inservivel                    66.62                               0            1892.8028               338.1791            2230.9819             41069.07                    0                             0                Eldorado             71.38                 A     Boa Esperança-Blaya-6                                            mai                                           2026                                               Trim.2                                                        5
                                                                                                     05-2026.xlsx                4014 - 1                  4555822                  20-11340                      2026-05-07 00:00:00                        17:31:00        Boa Esperança-Blaya                     Fábrica                ELDI35 ELDORADO BRASIL CELULOSE S/A           QAB7A34       Tritrem Inservível                 7             4.71               454.64                 66210                   40850           25360            625              0          65.41 Rota 262 (campo x cc)                          4.06                            30.28                34.34                         65.41                  Biomassa Tora Madeira - Inservivel                   143.18                               0            1980.6148               265.5646            2246.1794             40881.25                    0                             0                Eldorado             68.68                 A     Boa Esperança-Blaya-7                                            mai                                           2026                                               Trim.2                                                        5

--- Sheet: Planilha3 shape (24, 45)
no header found in Planilha3
Dados retornados para DMT Total, 2026 - Tora Madeira - Inservivel, 01/05/2026, All - Mai (primeiras 1000 linhas).                     ---                      ---                       ---                                      ---                             ---                        ---                         ---                   ---                          ---               ---                      ---               ---              ---                  ---                   ---                     ---             ---            ---            ---            ---                   ---                           ---                              ---                  ---                           ---                       ---                       ---                      ---                             ---                          ---                  ---                    ---                  ---                  ---                  ---                           ---                     ---               ---               ---                       ---                                            ---                                            ---                                                  ---                                                      ---
                                                                                                              ---                     ---                      ---                       ---                                      ---                             ---                        ---                         ---                   ---                          ---               ---                      ---               ---              ---                  ---                   ---                     ---             ---            ---            ---            ---                   ---                           ---                              ---                  ---                           ---                       ---                       ---                      ---                             ---                          ---                  ---                    ---                  ---                  ---                  ---                           ---                     ---               ---               ---                       ---                                            ---                                            ---                                                  ---                                                      ---
                                                                                        F_Cubo415[Nome da Origem] F_Cubo415[Quadra Pilha] F_Cubo415[Cód Documento] F_Cubo415[Num Viagem Sap] F_Cubo415[Data Chegada Balanca Sem Hora] F_Cubo415[Hora Chegada Balanca] F_Cubo415[Fazenda/Projeto] F_Cubo415[Local de Entrega] F_Cubo415[Grua Carga]        F_Cubo415[Fornecedor] F_Cubo415[Cavalo] F_Cubo415[Tipo Conjunto] F_Cubo415[Talhao] F_Cubo415[Idade] F_Cubo415[Densidade] F_Cubo415[Peso Bruto] F_Cubo415[Peso Liquido] F_Cubo415[Tara] F_Cubo415[Rpv] F_Cubo415[TPC] F_Cubo415[Vol]       F_Cubo415[Rota] F_Cubo415[Vlr Distancia Chao] F_Cubo415[Vlr Distancia Asfalto] F_Cubo415[Distancia] F_Cubo415[Vlr Volume Scanner] F_Cubo415[Tipo de Viagem]    F_Cubo415[Dcr Produto] F_Cubo415[Duracao Patio] F_Cubo415[Densidade Industrial] F_Cubo415[Local de Operação] F_Cubo415[Asf x Vol] F_Cubo415[Terra x Vol] F_Cubo415[DMT x Vol] F_Cubo415[RPV x Vol] F_Cubo415[TPC x Vol] F_Cubo415[Densid. Industrial] F_Cubo415[Personalizar] F_Cubo415[Km SGF] F_Cubo415[Classe] F_Cubo415[Fazenda+Talhão] F_Cubo415[Data Chegada Balanca Sem Hora (Mês)] F_Cubo415[Data Chegada Balanca Sem Hora (Ano)] F_Cubo415[Data Chegada Balanca Sem Hora (Trimestre)] F_Cubo415[Data Chegada Balanca Sem Hora (Índice de Mês)]
                                                                                                     05-2026.xlsx                 116 - 1                  4555676                  20-11194                      2026-05-01 00:00:00                        00:13:00           Buriti da Véstia                     Fábrica                ELDI35 ELDORADO BRASIL CELULOSE S/A           QAB8G61       Tritrem Inservível               08B                8                500.7                 64570                   39430           25140            598          73.01          65.98 Rota 262 (campo x cc)                          3.68                            29.99                33.67                         65.98                  Biomassa Tora Madeira - Inservivel                   516.15                          455.35     Campo x Fábrica_Biomassa            1978.7402               242.8064            2221.5466             39456.04            4817.1998                     30043.993                Eldorado             67.34                 C      Buriti da Véstia-08B                                            mai                                           2026                                               Trim.2                                                        5
                                                                                                     05-2026.xlsx                 116 - 1                  4555675                  20-11193                      2026-05-01 00:00:00                        02:10:00           Buriti da Véstia                     Fábrica                ELDI35 ELDORADO BRASIL CELULOSE S/A           QAS7J72       Tritrem Inservível               08B                8                500.7                 63860                   38350           25510            594          73.09          64.61 Rota 262 (campo x cc)                          3.68                            29.99                33.67                         64.61                  Biomassa Tora Madeira - Inservivel                   497.43                          455.35     Campo x Fábrica_Biomassa            1937.6539               237.7648            2175.4187             38378.34            4722.3449                    29420.1635                Eldorado             67.34                 C      Buriti da Véstia-08B                                            mai                                           2026                                               Trim.2                                                        5
                                                                                                     05-2026.xlsx                 116 - 1                  4555678                  20-11196                      2026-05-01 00:00:00                        04:02:00           Buriti da Véstia                     Fábrica                ELDI35 ELDORADO BRASIL CELULOSE S/A           QAS7J62       Tritrem Inservível               08B                8                500.7                 61610                   36200           25410            558          73.17          64.86 Rota 262 (campo x cc)                          3.68                            29.99                33.67                         64.86                  Biomassa Tora Madeira - Inservivel                   336.83                          455.35     Campo x Fábrica_Biomassa            1945.1514               238.6848            2183.8362             36191.88            4745.8062                     29534.001                Eldorado             67.34                 C      Buriti da Véstia-08B                                            mai                                           2026                                               Trim.2                                                        5
                                                                                                     05-2026.xlsx                 116 - 1                  4555679                  20-11197                      2026-05-01 00:00:00                        05:32:00           Buriti da Véstia                     Fábrica                ELDI35 ELDORADO BRASIL CELULOSE S/A           QAS9A78       Tritrem Inservível               08B                8                500.7                 62340                   37080           25260            567          73.23          65.42 Rota 262 (campo x cc)                          3.68                            29.99                33.67                         65.42                  Biomassa Tora Madeira - Inservivel                   465.57                          455.35     Campo x Fábrica_Biomassa            1961.9458               240.7456            2202.6914             37093.14            4790.7066                     29788.997                Eldorado             67.34                 C      Buriti da Véstia-08B                                            mai                                           2026                                               Trim.2                                                        5
                                                                                                     05-2026.xlsx                 116 - 1                  4555677                  20-11195                      2026-05-01 00:00:00                        07:37:00           Buriti da Véstia                     Fábrica                ELDI35 ELDORADO BRASIL CELULOSE S/A           QAB7A10       Tritrem Inservível               08B                8                500.7                 63380                   38330           25050            585          73.32          65.51 Rota 262 (campo x cc)                          3.68                            29.99                33.67                         65.51                  Biomassa Tora Madeira - Inservivel                   417.27                          455.35     Campo x Fábrica_Biomassa            1964.6449               241.0768            2205.7217             38323.35            4803.1932                    29829.9785                Eldorado             67.34                 C      Buriti da Véstia-08B                                            mai                                           2026                                               Trim.2                                                        5
                                                                                                     05-2026.xlsx                 116 - 1                  4555680                  20-11198                      2026-05-01 00:00:00                        09:31:00           Buriti da Véstia                     Fábrica                ELDI35 ELDORADO BRASIL CELULOSE S/A           QAB7A34       Tritrem Inservível               08B                8                500.7                 65610                   40020           25590            592           73.4          67.62 Rota 262 (campo x cc)                          3.68                            29.99                33.67                         67.62                  Biomassa Tora Madeira - Inservivel                   347.95                          455.35     Campo x Fábrica_Biomassa            2027.9238               248.8416            2276.7654             40031.04             4963.308                     30790.767                Eldorado             67.34                 C      Buriti da Véstia-08B                                            mai                                           2026                                               Trim.2                                                        5
                                                                                                     05-2026.xlsx                 116 - 1                  4555681                  20-11199                      2026-05-01 00:00:00                        09:38:00           Buriti da Véstia                     Fábrica                ELDI35 ELDORADO BRASIL CELULOSE S/A           QAB7A35       Tritrem Inservível               08B                8                500.7                 62230                   36470           25760            554           73.4          65.88 Rota 262 (campo x cc)                          3.68                            29.99                33.67                         65.88                  Biomassa Tora Madeira - Inservivel                   372.85                          455.35     Campo x Fábrica_Biomassa            1975.7412               242.4384            2218.1796             36497.52             4835.592                     29998.458                Eldorado             67.34                 C      Buriti da Véstia-08B                                            mai                                           2026                                               Trim.2                                                        5
                                                                                                     05-2026.xlsx                 116 - 1                  4555682                  20-11200                      2026-05-01 00:00:00                        10:52:00           Buriti da Véstia                     Fábrica                ELDI35 ELDORADO BRASIL CELULOSE S/A           QAZ1B45       Tritrem Inservível               08B                8                500.7                 63280                   37540           25740            602          73.45          62.39 Rota 262 (campo x cc)                          3.68                            29.99                33.67                         62.39                  Biomassa Tora Madeira - Inservivel                   179.63                          455.35     Campo x Fábrica_Biomassa            1871.0761               229.5952            2100.6713             37558.78            4582.5455                    28409.2865                Eldorado             67.34                 C      Buriti da Véstia-08B                                            mai                                           2026                                               Trim.2                                                        5
                                                                                                     05-2026.xlsx                 116 - 1                  4555683                  20-11201                      2026-05-01 00:00:00                        13:05:00           Buriti da Véstia                     Fábrica                ELDI35 ELDORADO BRASIL CELULOSE S/A           QAB8G61       Tritrem Inservível               08B                8                500.7                 63440                   37930           25510            581          73.55          65.32 Rota 262 (campo x cc)                          3.68                            29.99                33.67                         65.32                  Biomassa Tora Madeira - Inservivel                   224.28                          455.35     Campo x Fábrica_Biomassa            1958.9468               240.3776            2199.3244             37950.92             4804.286                     29743.462                Eldorado             67.34                 C      Buriti da Véstia-08B                                            mai                                           2026                                               Trim.2                                                        5
                                                                                                     05-2026.xlsx                 116 - 1                  4555685                  20-11203                      2026-05-01 00:00:00                        14:26:00           Buriti da Véstia                     Fábrica                ELDI35 ELDORADO BRASIL CELULOSE S/A           QAS7J72       Tritrem Inservível               08B                8                500.7                 68120                   42610           25510            645           73.6          66.11 Rota 262 (campo x cc)                          3.68                            29.99                33.67                         66.11                  Biomassa Tora Madeira - Inservivel                   164.08                          455.35     Campo x Fábrica_Biomassa            1982.6389               243.2848            2225.9237             42640.95             4865.696                    30103.1885                Eldorado             67.34                 C      Buriti da Véstia-08B                                            mai                                           2026                                               Trim.2                                                        5
                                                                                                     05-2026.xlsx                 116 - 1                  4555663                  20-11181                      2026-05-01 00:00:00                        15:29:00           Buriti da Véstia                     Fábrica                ELDI35 ELDORADO BRASIL CELULOSE S/A           QAZ1B38       Tritrem Inservível               08B                8                500.7                 72130                   46770           25360            727          73.65           64.3 Rota 262 (campo x cc)                          3.68                            29.99                33.67                          64.3                  Biomassa Tora Madeira - Inservivel                   132.17                          455.35     Campo x Fábrica_Biomassa             1928.357                236.624             2164.981              46746.1             4735.695                     29279.005                Eldorado             67.34                 C      Buriti da Véstia-08B                                            mai                                           2026                                               Trim.2                                                        5
                                                                                                     05-2026.xlsx                 116 - 1                  4555688                  20-11206                      2026-05-01 00:00:00                        17:19:00           Buriti da Véstia                     Fábrica                ELDI35 ELDORADO BRASIL CELULOSE S/A           QAB7A10       Tritrem Inservível               08B                8                500.7                 68230                   42640           25590            618          73.72          68.97 Rota 262 (campo x cc)                          3.68                            29.99                33.67                         68.97                  Biomassa Tora Madeira - Inservivel                    75.23                          455.35     Campo x Fábrica_Biomassa            2068.4103               253.8096            2322.2199             42623.46            5084.4684                    31405.4895                Eldorado             67.34                 C      Buriti da Véstia-08B                                            mai                                           2026                                               Trim.2                                                        5
                                                                                                     05-2026.xlsx                 116 - 1                  4555689                  20-11207                      2026-05-01 00:00:00                        18:04:00           Buriti da Véstia                     Fábrica                ELDI35 ELDORADO BRASIL CELULOSE S/A           QAB7A34       Tritrem Inservível               08B                8                500.7                 62830                   37300           25530            587          73.75          63.55 Rota 262 (campo x cc)                          3.68                            29.99                33.67                         63.55                  Biomassa Tora Madeira - Inservivel                    58.78                          455.35     Campo x Fábrica_Biomassa            1905.8645                233.864            2139.7285             37303.85            4686.8125                    28937.4925                Eldorado             67.34                 C      Buriti da Véstia-08B                                            mai                                           2026                                               Trim.2                                                        5
                                                                                                     05-2026.xlsx                 116 - 1                  4555687                  20-11205                      2026-05-01 00:00:00                        18:10:00           Buriti da Véstia                     Fábrica                ELDI35 ELDORADO BRASIL CELULOSE S/A           QAZ1B45       Tritrem Inservível               08B                8                500.7                 63320                   37500           25820            578          73.76          64.86 Rota 262 (campo x cc)                          3.68                            29.99                33.67                         64.86                  Biomassa Tora Madeira - Inservivel                   107.27                          455.35     Campo x Fábrica_Biomassa            1945.1514               238.6848            2183.8362             37489.08            4784.0736                     29534.001                Eldorado             67.34                 C      Buriti da Véstia-08B                                            mai                                           2026                                               Trim.2                                                        5
                                                                                                     05-2026.xlsx                 116 - 1                  4555690                  20-11208                      2026-05-01 00:00:00                        18:48:00           Buriti da Véstia                     Fábrica                ELDI35 ELDORADO BRASIL CELULOSE S/A           QAB7A35       Tritrem Inservível               08B                8                500.7                 64570                   38730           25840            615          73.78             63 Rota 262 (campo x cc)                          3.68                            29.99                33.67                            63                  Biomassa Tora Madeira - Inservivel                   109.15                          455.35     Campo x Fábrica_Biomassa              1889.37                 231.84              2121.21                38745              4648.14                      28687.05                Eldorado             67.34                 C      Buriti da Véstia-08B                                            mai                                           2026                                               Trim.2                                                        5
                                                                                                     05-2026.xlsx                 116 - 1                  4555691                  20-11209                      2026-05-01 00:00:00                        20:30:00           Buriti da Véstia                     Fábrica                ELDI35 ELDORADO BRASIL CELULOSE S/A           QAB8G61       Tritrem Inservível               08B                8                500.7                 64200                   38680           25520            593          73.85           65.2 Rota 262 (campo x cc)                          3.68                            29.99                33.67                          65.2                  Biomassa Tora Madeira - Inservivel                    86.17                          455.35     Campo x Fábrica_Biomassa             1955.348                239.936             2195.284              38663.6              4815.02                      29688.82                Eldorado             67.34                 C      Buriti da Véstia-08B                                            mai                                           2026                                               Trim.2                                                        5
                                                                                                     05-2026.xlsx                 116 - 1                  4555686                  20-11204                      2026-05-01 00:00:00                        21:34:00           Buriti da Véstia                     Fábrica                ELDI35 ELDORADO BRASIL CELULOSE S/A           QAS9A78       Tritrem Inservível               08B                8                500.7                 62670                   37460           25210            552           73.9          67.81 Rota 262 (campo x cc)                          3.68                            29.99                33.67                         67.81                  Biomassa Tora Madeira - Inservivel                    79.07                          455.35     Campo x Fábrica_Biomassa            2033.6219               249.5408            2283.1627             37431.12             5011.159                    30877.2835                Eldorado             67.34                 C      Buriti da Véstia-08B                                            mai                                           2026                                               Trim.2                                                        5

--- Sheet: Planilha4 shape (24, 45)
no header found in Planilha4
Dados retornados para DMT Total, 2026 - Tora Madeira - Inservivel, 01/05/2026, [dCalendário_Flash].[Ano].[All] - [dCalendário_Flash].[Nome Mês].&[Mai] (primeiras 1000 linhas).                     ---                      ---                       ---                                      ---                             ---                        ---                         ---                   ---                          ---               ---                      ---               ---              ---                  ---                   ---                     ---             ---            ---            ---            ---                   ---                           ---                              ---                  ---                           ---                       ---                       ---                      ---                             ---                          ---                  ---                    ---                  ---                  ---                  ---                           ---                     ---               ---               ---                       ---                                            ---                                            ---                                                  ---                                                      ---
                                                                                                                                                                            ---                     ---                      ---                       ---                                      ---                             ---                        ---                         ---                   ---                          ---               ---                      ---               ---              ---                  ---                   ---                     ---             ---            ---            ---            ---                   ---                           ---                              ---                  ---                           ---                       ---                       ---                      ---                             ---                          ---                  ---                    ---                  ---                  ---                  ---                           ---                     ---               ---               ---                       ---                                            ---                                            ---                                                  ---                                                      ---
                                                                                                                                                      F_Cubo415[Nome da Origem] F_Cubo415[Quadra Pilha] F_Cubo415[Cód Documento] F_Cubo415[Num Viagem Sap] F_Cubo415[Data Chegada Balanca Sem Hora] F_Cubo415[Hora Chegada Balanca] F_Cubo415[Fazenda/Projeto] F_Cubo415[Local de Entrega] F_Cubo415[Grua Carga]        F_Cubo415[Fornecedor] F_Cubo415[Cavalo] F_Cubo415[Tipo Conjunto] F_Cubo415[Talhao] F_Cubo415[Idade] F_Cubo415[Densidade] F_Cubo415[Peso Bruto] F_Cubo415[Peso Liquido] F_Cubo415[Tara] F_Cubo415[Rpv] F_Cubo415[TPC] F_Cubo415[Vol]       F_Cubo415[Rota] F_Cubo415[Vlr Distancia Chao] F_Cubo415[Vlr Distancia Asfalto] F_Cubo415[Distancia] F_Cubo415[Vlr Volume Scanner] F_Cubo415[Tipo de Viagem]    F_Cubo415[Dcr Produto] F_Cubo415[Duracao Patio] F_Cubo415[Densidade Industrial] F_Cubo415[Local de Operação] F_Cubo415[Asf x Vol] F_Cubo415[Terra x Vol] F_Cubo415[DMT x Vol] F_Cubo415[RPV x Vol] F_Cubo415[TPC x Vol] F_Cubo415[Densid. Industrial] F_Cubo415[Personalizar] F_Cubo415[Km SGF] F_Cubo415[Classe] F_Cubo415[Fazenda+Talhão] F_Cubo415[Data Chegada Balanca Sem Hora (Mês)] F_Cubo415[Data Chegada Balanca Sem Hora (Ano)] F_Cubo415[Data Chegada Balanca Sem Hora (Trimestre)] F_Cubo415[Data Chegada Balanca Sem Hora (Índice de Mês)]
                                                                                                                                                                   05-2026.xlsx                 116 - 1                  4555676                  20-11194                      2026-05-01 00:00:00                        00:13:00           Buriti da Véstia                     Fábrica                ELDI35 ELDORADO BRASIL CELULOSE S/A           QAB8G61       Tritrem Inservível               08B                8                500.7                 64570                   39430           25140            598          73.01          65.98 Rota 262 (campo x cc)                          3.68                            29.99                33.67                         65.98                  Biomassa Tora Madeira - Inservivel                   516.15                          455.35     Campo x Fábrica_Biomassa            1978.7402               242.8064            2221.5466             39456.04            4817.1998                     30043.993                Eldorado             67.34                 C      Buriti da Véstia-08B                                            mai                                           2026                                               Trim.2                                                        5
                                                                                                                                                                   05-2026.xlsx                 116 - 1                  4555675                  20-11193                      2026-05-01 00:00:00                        02:10:00           Buriti da Véstia                     Fábrica                ELDI35 ELDORADO BRASIL CELULOSE S/A           QAS7J72       Tritrem Inservível               08B                8                500.7                 63860                   38350           25510            594          73.09          64.61 Rota 262 (campo x cc)                          3.68                            29.99                33.67                         64.61                  Biomassa Tora Madeira - Inservivel                   497.43                          455.35     Campo x Fábrica_Biomassa            1937.6539               237.7648            2175.4187             38378.34            4722.3449                    29420.1635                Eldorado             67.34                 C      Buriti da Véstia-08B                                            mai                                           2026                                               Trim.2                                                        5
                                                                                                                                                                   05-2026.xlsx                 116 - 1                  4555678                  20-11196                      2026-05-01 00:00:00                        04:02:00           Buriti da Véstia                     Fábrica                ELDI35 ELDORADO BRASIL CELULOSE S/A           QAS7J62       Tritrem Inservível               08B                8                500.7                 61610                   36200           25410            558          73.17          64.86 Rota 262 (campo x cc)                          3.68                            29.99                33.67                         64.86                  Biomassa Tora Madeira - Inservivel                   336.83                          455.35     Campo x Fábrica_Biomassa            1945.1514               238.6848            2183.8362             36191.88            4745.8062                     29534.001                Eldorado             67.34                 C      Buriti da Véstia-08B                                            mai                                           2026                                               Trim.2                                                        5
                                                                                                                                                                   05-2026.xlsx                 116 - 1                  4555679                  20-11197                      2026-05-01 00:00:00                        05:32:00           Buriti da Véstia                     Fábrica                ELDI35 ELDORADO BRASIL CELULOSE S/A           QAS9A78       Tritrem Inservível               08B                8                500.7                 62340                   37080           25260            567          73.23          65.42 Rota 262 (campo x cc)                          3.68                            29.99                33.67                         65.42                  Biomassa Tora Madeira - Inservivel                   465.57                          455.35     Campo x Fábrica_Biomassa            1961.9458               240.7456            2202.6914             37093.14            4790.7066                     29788.997                Eldorado             67.34                 C      Buriti da Véstia-08B                                            mai                                           2026                                               Trim.2                                                        5
                                                                                                                                                                   05-2026.xlsx                 116 - 1                  4555677                  20-11195                      2026-05-01 00:00:00                        07:37:00           Buriti da Véstia                     Fábrica                ELDI35 ELDORADO BRASIL CELULOSE S/A           QAB7A10       Tritrem Inservível               08B                8                500.7                 63380                   38330           25050            585          73.32          65.51 Rota 262 (campo x cc)                          3.68                            29.99                33.67                         65.51                  Biomassa Tora Madeira - Inservivel                   417.27                          455.35     Campo x Fábrica_Biomassa            1964.6449               241.0768            2205.7217             38323.35            4803.1932                    29829.9785                Eldorado             67.34                 C      Buriti da Véstia-08B                                            mai                                           2026                                               Trim.2                                                        5
                                                                                                                                                                   05-2026.xlsx                 116 - 1                  4555680                  20-11198                      2026-05-01 00:00:00                        09:31:00           Buriti da Véstia                     Fábrica                ELDI35 ELDORADO BRASIL CELULOSE S/A           QAB7A34       Tritrem Inservível               08B                8                500.7                 65610                   40020           25590            592           73.4          67.62 Rota 262 (campo x cc)                          3.68                            29.99                33.67                         67.62                  Biomassa Tora Madeira - Inservivel                   347.95                          455.35     Campo x Fábrica_Biomassa            2027.9238               248.8416            2276.7654             40031.04             4963.308                     30790.767                Eldorado             67.34                 C      Buriti da Véstia-08B                                            mai                                           2026                                               Trim.2                                                        5
                                                                                                                                                                   05-2026.xlsx                 116 - 1                  4555681                  20-11199                      2026-05-01 00:00:00                        09:38:00           Buriti da Véstia                     Fábrica                ELDI35 ELDORADO BRASIL CELULOSE S/A           QAB7A35       Tritrem Inservível               08B                8                500.7                 62230                   36470           25760            554           73.4          65.88 Rota 262 (campo x cc)                          3.68                            29.99                33.67                         65.88                  Biomassa Tora Madeira - Inservivel                   372.85                          455.35     Campo x Fábrica_Biomassa            1975.7412               242.4384            2218.1796             36497.52             4835.592                     29998.458                Eldorado             67.34                 C      Buriti da Véstia-08B                                            mai                                           2026                                               Trim.2                                                        5
                                                                                                                                                                   05-2026.xlsx                 116 - 1                  4555682                  20-11200                      2026-05-01 00:00:00                        10:52:00           Buriti da Véstia                     Fábrica                ELDI35 ELDORADO BRASIL CELULOSE S/A           QAZ1B45       Tritrem Inservível               08B                8                500.7                 63280                   37540           25740            602          73.45          62.39 Rota 262 (campo x cc)                          3.68                            29.99                33.67                         62.39                  Biomassa Tora Madeira - Inservivel                   179.63                          455.35     Campo x Fábrica_Biomassa            1871.0761               229.5952            2100.6713             37558.78            4582.5455                    28409.2865                Eldorado             67.34                 C      Buriti da Véstia-08B                                            mai                                           2026                                               Trim.2                                                        5
                                                                                                                                                                   05-2026.xlsx                 116 - 1                  4555683                  20-11201                      2026-05-01 00:00:00                        13:05:00           Buriti da Véstia                     Fábrica                ELDI35 ELDORADO BRASIL CELULOSE S/A           QAB8G61       Tritrem Inservível               08B                8                500.7                 63440                   37930           25510            581          73.55          65.32 Rota 262 (campo x cc)                          3.68                            29.99                33.67                         65.32                  Biomassa Tora Madeira - Inservivel                   224.28                          455.35     Campo x Fábrica_Biomassa            1958.9468               240.3776            2199.3244             37950.92             4804.286                     29743.462                Eldorado             67.34                 C      Buriti da Véstia-08B                                            mai                                           2026                                               Trim.2                                                        5
                                                                                                                                                                   05-2026.xlsx                 116 - 1                  4555685                  20-11203                      2026-05-01 00:00:00                        14:26:00           Buriti da Véstia                     Fábrica                ELDI35 ELDORADO BRASIL CELULOSE S/A           QAS7J72       Tritrem Inservível               08B                8                500.7                 68120                   42610           25510            645           73.6          66.11 Rota 262 (campo x cc)                          3.68                            29.99                33.67                         66.11                  Biomassa Tora Madeira - Inservivel                   164.08                          455.35     Campo x Fábrica_Biomassa            1982.6389               243.2848            2225.9237             42640.95             4865.696                    30103.1885                Eldorado             67.34                 C      Buriti da Véstia-08B                                            mai                                           2026                                               Trim.2                                                        5
                                                                                                                                                                   05-2026.xlsx                 116 - 1                  4555663                  20-11181                      2026-05-01 00:00:00                        15:29:00           Buriti da Véstia                     Fábrica                ELDI35 ELDORADO BRASIL CELULOSE S/A           QAZ1B38       Tritrem Inservível               08B                8                500.7                 72130                   46770           25360            727          73.65           64.3 Rota 262 (campo x cc)                          3.68                            29.99                33.67                          64.3                  Biomassa Tora Madeira - Inservivel                   132.17                          455.35     Campo x Fábrica_Biomassa             1928.357                236.624             2164.981              46746.1             4735.695                     29279.005                Eldorado             67.34                 C      Buriti da Véstia-08B                                            mai                                           2026                                               Trim.2                                                        5
                                                                                                                                                                   05-2026.xlsx                 116 - 1                  4555688                  20-11206                      2026-05-01 00:00:00                        17:19:00           Buriti da Véstia                     Fábrica                ELDI35 ELDORADO BRASIL CELULOSE S/A           QAB7A10       Tritrem Inservível               08B                8                500.7                 68230                   42640           25590            618          73.72          68.97 Rota 262 (campo x cc)                          3.68                            29.99                33.67                         68.97                  Biomassa Tora Madeira - Inservivel                    75.23                          455.35     Campo x Fábrica_Biomassa            2068.4103               253.8096            2322.2199             42623.46            5084.4684                    31405.4895                Eldorado             67.34                 C      Buriti da Véstia-08B                                            mai                                           2026                                               Trim.2                                                        5
                                                                                                                                                                   05-2026.xlsx                 116 - 1                  4555689                  20-11207                      2026-05-01 00:00:00                        18:04:00           Buriti da Véstia                     Fábrica                ELDI35 ELDORADO BRASIL CELULOSE S/A           QAB7A34       Tritrem Inservível               08B                8                500.7                 62830                   37300           25530            587          73.75          63.55 Rota 262 (campo x cc)                          3.68                            29.99                33.67                         63.55                  Biomassa Tora Madeira - Inservivel                    58.78                          455.35     Campo x Fábrica_Biomassa            1905.8645                233.864            2139.7285             37303.85            4686.8125                    28937.4925                Eldorado             67.34                 C      Buriti da Véstia-08B                                            mai                                           2026                                               Trim.2                                                        5
                                                                                                                                                                   05-2026.xlsx                 116 - 1                  4555687                  20-11205                      2026-05-01 00:00:00                        18:10:00           Buriti da Véstia                     Fábrica                ELDI35 ELDORADO BRASIL CELULOSE S/A           QAZ1B45       Tritrem Inservível               08B                8                500.7                 63320                   37500           25820            578          73.76          64.86 Rota 262 (campo x cc)                          3.68                            29.99                33.67                         64.86                  Biomassa Tora Madeira - Inservivel                   107.27                          455.35     Campo x Fábrica_Biomassa            1945.1514               238.6848            2183.8362             37489.08            4784.0736                     29534.001                Eldorado             67.34                 C      Buriti da Véstia-08B                                            mai                                           2026                                               Trim.2                                                        5
                                                                                                                                                                   05-2026.xlsx                 116 - 1                  4555690                  20-11208                      2026-05-01 00:00:00                        18:48:00           Buriti da Véstia                     Fábrica                ELDI35 ELDORADO BRASIL CELULOSE S/A           QAB7A35       Tritrem Inservível               08B                8                500.7                 64570                   38730           25840            615          73.78             63 Rota 262 (campo x cc)                          3.68                            29.99                33.67                            63                  Biomassa Tora Madeira - Inservivel                   109.15                          455.35     Campo x Fábrica_Biomassa              1889.37                 231.84              2121.21                38745              4648.14                      28687.05                Eldorado             67.34                 C      Buriti da Véstia-08B                                            mai                                           2026                                               Trim.2                                                        5
                                                                                                                                                                   05-2026.xlsx                 116 - 1                  4555691                  20-11209                      2026-05-01 00:00:00                        20:30:00           Buriti da Véstia                     Fábrica                ELDI35 ELDORADO BRASIL CELULOSE S/A           QAB8G61       Tritrem Inservível               08B                8                500.7                 64200                   38680           25520            593          73.85           65.2 Rota 262 (campo x cc)                          3.68                            29.99                33.67                          65.2                  Biomassa Tora Madeira - Inservivel                    86.17                          455.35     Campo x Fábrica_Biomassa             1955.348                239.936             2195.284              38663.6              4815.02                      29688.82                Eldorado             67.34                 C      Buriti da Véstia-08B                                            mai                                           2026                                               Trim.2                                                        5
                                                                                                                                                                   05-2026.xlsx                 116 - 1                  4555686                  20-11204                      2026-05-01 00:00:00                        21:34:00           Buriti da Véstia                     Fábrica                ELDI35 ELDORADO BRASIL CELULOSE S/A           QAS9A78       Tritrem Inservível               08B                8                500.7                 62670                   37460           25210            552           73.9          67.81 Rota 262 (campo x cc)                          3.68                            29.99                33.67                         67.81                  Biomassa Tora Madeira - Inservivel                    79.07                          455.35     Campo x Fábrica_Biomassa            2033.6219               249.5408            2283.1627             37431.12             5011.159                    30877.2835                Eldorado             67.34                 C      Buriti da Véstia-08B                                            mai                                           2026                                               Trim.2                                                        5

c:\Users\ext.matheusmm\Documents\Envio de Emails\.venv\Lib\site-packages\openpyxl\worksheet\_reader.py:329: UserWarning: Slicer List extension is not supported and will be removed
  warn(msg)
--- Sheet: Volume Real Diário shape (169, 33)
no header found in Volume Real Diário
---                     ---                 ---                 ---                 ---                 ---                 ---                 ---                 ---                 ---                 ---                 ---                 ---                 ---                 ---                 ---                 ---                 ---                 ---                 ---                 ---                 ---                 ---                 ---                 ---                 ---                 ---                 ---                 ---                 ---                 ---                 ---                 ---
---                     ---                 ---                 ---                 ---                 ---                 ---                 ---                 ---                 ---                 ---                 ---                 ---                 ---                 ---                 ---                 ---                 ---                 ---                 ---                 ---                 ---                 ---                 ---                 ---                 ---                 ---                 ---                 ---                 ---                 ---                 ---                 ---
---                     ---                 ---                 ---                 ---                 ---                 ---                 ---                 ---                 ---                 ---                 ---                 ---                 ---                 ---                 ---                 ---                 ---                 ---                 ---                 ---                 ---                 ---                 ---                 ---                 ---                 ---                 ---                 ---                 ---                 ---                 ---                 ---
---                     ---                 ---                 ---                 ---                 ---                 ---                 ---                 ---                 ---                 ---                 ---                 ---                 ---                 ---                 ---                 ---                 ---                 ---                 ---                 ---                 ---                 ---                 ---                 ---                 ---                 ---                 ---                 ---                 ---                 ---                 ---                 ---
---                     ---                 ---                 ---                 ---                 ---                 ---                 ---                 ---                 ---                 ---                 ---                 ---                 ---                 ---                 ---                 ---                 ---                 ---                 ---                 ---                 ---                 ---                 ---                 ---                 ---                 ---                 ---                 ---                 ---                 ---                 ---                 ---
---                     ---                 ---                 ---                 ---                 ---                 ---                 ---                 ---                 ---                 ---                 ---                 ---                 ---                 ---                 ---                 ---                 ---                 ---                 ---                 ---                 ---                 ---                 ---                 ---                 ---                 ---                 ---                 ---                 ---                 ---                 ---                 ---
---                     ---                 ---                 ---                 ---                 ---                 ---                 ---                 ---                 ---                 ---                 ---                 ---                 ---                 ---                 ---                 ---                 ---                 ---                 ---                 ---                 ---                 ---                 ---                 ---                 ---                 ---                 ---                 ---                 ---                 ---                 ---                 ---
---                     ---                 ---                 ---                 ---                 ---                 ---                 ---                 ---                 ---                 ---                 ---                 ---                 ---                 ---                 ---                 ---                 ---                 ---                 ---                 ---                 ---                 ---                 ---                 ---                 ---                 ---                 ---                 ---                 ---                 ---                 ---                 ---
---                     ---                 ---                 ---                 ---                 ---                 ---                 ---                 ---                 ---                 ---                 ---                 ---                 ---                 ---                 ---                 ---                 ---                 ---                 ---                 ---                 ---                 ---                 ---                 ---                 ---                 ---                 ---                 ---                 ---                 ---                 ---                 ---
---                     ---                 ---                 ---                 ---                 ---                 ---                 ---                 ---                 ---                 ---                 ---                 ---                 ---                 ---                 ---                 ---                 ---                 ---                 ---                 ---                 ---                 ---                 ---                 ---                 ---                 ---                 ---                 ---                 ---                 ---                 ---                 ---
---                     ---                 ---                 ---                 ---                 ---                 ---                 ---                 ---                 ---                 ---                 ---                 ---                 ---                 ---                 ---                 ---                 ---                 ---                 ---                 ---                 ---                 ---                 ---                 ---                 ---                 ---                 ---                 ---                 ---                 ---                 ---                 ---
---                     ---                 ---                 ---                 ---                 ---                 ---                 ---                 ---                 ---                 ---                 ---                 ---                 ---                 ---                 ---                 ---                 ---                 ---                 ---                 ---                 ---                 ---                 ---                 ---                 ---                 ---                 ---                 ---                 ---                 ---                 ---                 ---
---                     ---                 ---                 ---                 ---                 ---                 ---                 ---                 ---                 ---                 ---                 ---                 ---                 ---                 ---                 ---                 ---                 ---                 ---                 ---                 ---                 ---                 ---                 ---                 ---                 ---                 ---                 ---                 ---                 ---                 ---                 ---                 ---
---                     ---                 ---                 ---                 ---                 ---                 ---                 ---                 ---                 ---                 ---                 ---                 ---                 ---                 ---                 ---                 ---                 ---                 ---                 ---                 ---                 ---                 ---                 ---                 ---                 ---                 ---                 ---                 ---                 ---                 ---                 ---                 ---
---                     ---                 ---                 ---                 ---                 ---                 ---                 ---                 ---                 ---                 ---                 ---                 ---                 ---                 ---                 ---                 ---                 ---                 ---                 ---                 ---                 ---                 ---                 ---                 ---                 ---                 ---                 ---                 ---                 ---                 ---                 ---                 ---
---        Vol. movimentado   Rótulos de Coluna                 ---                 ---                 ---                 ---                 ---                 ---                 ---                 ---                 ---                 ---                 ---                 ---                 ---                 ---                 ---                 ---                 ---                 ---                 ---                 ---                 ---                 ---                 ---                 ---                 ---                 ---                 ---                 ---                 ---                 ---
---                         2026-05-01 00:00:00 2026-05-02 00:00:00 2026-05-03 00:00:00 2026-05-04 00:00:00 2026-05-05 00:00:00 2026-05-06 00:00:00 2026-05-07 00:00:00 2026-05-08 00:00:00 2026-05-09 00:00:00 2026-05-10 00:00:00 2026-05-11 00:00:00 2026-05-12 00:00:00 2026-05-13 00:00:00 2026-05-14 00:00:00 2026-05-15 00:00:00 2026-05-16 00:00:00 2026-05-17 00:00:00 2026-05-18 00:00:00 2026-05-19 00:00:00 2026-05-20 00:00:00 2026-05-21 00:00:00 2026-05-22 00:00:00 2026-05-23 00:00:00 2026-05-24 00:00:00 2026-05-25 00:00:00 2026-05-26 00:00:00 2026-05-27 00:00:00 2026-05-28 00:00:00 2026-05-29 00:00:00 2026-05-30 00:00:00 2026-05-31 00:00:00
---                    2026                 ---                 ---                 ---                 ---                 ---                 ---                 ---                 ---                 ---                 ---                 ---                 ---                 ---                 ---                 ---                 ---                 ---                 ---                 ---                 ---                 ---                 ---                 ---                 ---                 ---                 ---                 ---                 ---                 ---                 ---                 ---
--- Tora Celulose Sem Casca            18944.23            18780.81            18834.24             17107.9             17574.3            17801.24            17841.63            16873.86            18180.61            16657.35            17737.08            17793.65            18996.65            18669.32            15658.18            18668.55            14127.62             8832.55            18902.25            18688.94            18656.43             17278.4            17393.79             17007.8            16704.42            15525.31            12957.28            16409.07            15942.32             16807.6            16709.15
---       Barranco Vermelho                 ---              683.08             3193.29             3476.76             3268.01              3061.9             3616.12             2712.46             2980.26              866.74             2548.53             3015.21             3485.79             3482.99             2076.77             2471.09              954.18              195.28             2530.56             3028.62             3449.47             1826.51                 ---                 ---                 ---                 ---                 ---                 ---                 ---                 ---                 ---

EXCEL_PATH: \\brtlgwvfs01eld\Florestal\015_Logística Florestal e Infra Estrutura\002 - Logistica Florestal\01. Base de Dados\02. Manuais\09. ChatBot\Report Operacional\Report Operacional V2.xlsx

SHEET_CONFIG: [{'sheet': 'Volume Real Diário', 'titulo': 'Volume Real Diário', 'extrator': 'extrator_volume_real_diario', 'ativo': True}]
[LOG] Verificando existência do arquivo: \\brtlgwvfs01eld\Florestal\015_Logística Florestal e Infra Estrutura\002 - Logistica Florestal\01. Base de Dados\02. Manuais\09. ChatBot\Report Operacional\Report Operacional V2.xlsx
[LOG] Abrindo planilha...
[LOG] Lendo aba: 'Volume Real Diário'...
c:\Users\ext.matheusmm\Documents\Envio de Emails\.venv\Lib\site-packages\openpyxl\worksheet\_reader.py:329: UserWarning: Slicer List extension is not supported and will be removed
  warn(msg)
[LOG]   Aba carregada: 169 linhas × 33 colunas
[LOG]   Blocos detectados: ['Vol. movimentado', 'DMT Total', 'Média Cx Carga', 'Média de Rpv']
[LOG]   Bloco 'Vol. movimentado': 14 linhas × 8 colunas
[LOG]   Bloco 'DMT Total': 14 linhas × 8 colunas
[LOG]   Bloco 'Média Cx Carga': 14 linhas × 8 colunas
[LOG]   Bloco 'Média de Rpv': 61 linhas × 8 colunas
[LOG]   4 sub-tabela(s) extraída(s) de 'Volume Real Diário'
[LOG] Total de sub-tabelas: 4

Success! Loaded 4 tables:
  - Volume Real Diário — Vol. movimentado: (14, 8)
      Fazenda/Categoria     25/05     26/05     27/05     28/05     29/05     30/05     31/05
Tora Celulose Sem Casca 16.704,42 15.525,31 12.957,28 16.409,07 15.942,32 16.807,60 16.709,15
      Barranco Vermelho         —         —         —         —         —         —         —
     Caiçara III-Garcia         —         —         —         —         —         —         —

  - Volume Real Diário — DMT Total: (14, 8)
      Fazenda/Categoria  25/05  26/05  27/05  28/05  29/05  30/05  31/05
Tora Celulose Sem Casca 176,74 172,50 165,07 174,04 178,03 176,54 179,50
      Barranco Vermelho      —      —      —      —      —      —      —
     Caiçara III-Garcia      —      —      —      —      —      —      —

  - Volume Real Diário — Média Cx Carga: (14, 8)
      Fazenda/Categoria 25/05 26/05 27/05 28/05 29/05 30/05 31/05
Tora Celulose Sem Casca 63,04 61,85 60,27 61,69 62,27 61,34 61,43
      Barranco Vermelho     —     —     —     —     —     —     —
     Caiçara III-Garcia     —     —     —     —     —     —     —

  - Volume Real Diário — Média de Rpv: (61, 8)
      Fazenda/Categoria  25/05  26/05  27/05  28/05  29/05  30/05  31/05
Tora Celulose Sem Casca 855,33 848,56 834,37 860,10 853,08 843,10 846,63
      Barranco Vermelho      —      —      —      —      —      —      —
     Caiçara III-Garcia      —      —      —      —      —      —      —


===== Planilha1 =====
Shape: (58, 44)
Header row: 2
Column indices:
  Col 20: F_Cubo415[Vol]
  Col 25: F_Cubo415[Vlr Volume Scanner]
  Col 27: F_Cubo415[Dcr Produto]
  Col 30: F_Cubo415[Asf x Vol]
  Col 31: F_Cubo415[Terra x Vol]
  Col 32: F_Cubo415[DMT x Vol]
  Col 33: F_Cubo415[RPV x Vol]
  Col 34: F_Cubo415[TPC x Vol]
Sample 'Dcr Produto' values from col 27:
  Tora Celulose Sem Casca
Sample 'Dcr Produto' values from col 27:
  Tora Celulose Sem Casca

===== Planilha2 =====
Shape: (29, 44)
Header row: 2
Column indices:
  Col 20: F_Cubo415[Vol]
  Col 25: F_Cubo415[Vlr Volume Scanner]
  Col 27: F_Cubo415[Dcr Produto]
  Col 30: F_Cubo415[Asf x Vol]
  Col 31: F_Cubo415[Terra x Vol]
  Col 32: F_Cubo415[DMT x Vol]
  Col 33: F_Cubo415[RPV x Vol]
  Col 34: F_Cubo415[TPC x Vol]
Sample 'Dcr Produto' values from col 27:
  Tora Madeira - Inservivel

===== Planilha3 =====
Shape: (24, 45)
Header row: 2
Column indices:
  Col 20: F_Cubo415[Vol]
  Col 25: F_Cubo415[Vlr Volume Scanner]
  Col 27: F_Cubo415[Dcr Produto]
  Col 31: F_Cubo415[Asf x Vol]
  Col 32: F_Cubo415[Terra x Vol]
  Col 33: F_Cubo415[DMT x Vol]
  Col 34: F_Cubo415[RPV x Vol]
  Col 35: F_Cubo415[TPC x Vol]
Testing updated SHEET_CONFIG with new extractors...

SHEET_CONFIG:
  - Planilha1: Produção Celulose
  - Planilha2: Produção Biomassa (Período 2)
  - Volume Real Diário: Volume Real Diário
[LOG] Verificando existência do arquivo: \\brtlgwvfs01eld\Florestal\015_Logística Florestal e Infra Estrutura\002 - Logistica Florestal\01. Base de Dados\02. Manuais\09. ChatBot\Report Operacional\Report Operacional V2.xlsx
[LOG] Abrindo planilha...
[AVISO] Extrator 'extrator_producao_celulose_biomassa' não encontrado. Aba ignorada.
[AVISO] Extrator 'extrator_producao_celulose_biomassa' não encontrado. Aba ignorada.
[LOG] Lendo aba: 'Volume Real Diário'...
c:\Users\ext.matheusmm\Documents\Envio de Emails\.venv\Lib\site-packages\openpyxl\worksheet\_reader.py:329: UserWarning: Slicer List extension is not supported and will be removed
  warn(msg)
[LOG]   Aba carregada: 169 linhas × 33 colunas
[LOG]   Blocos detectados: ['Vol. movimentado', 'DMT Total', 'Média Cx Carga', 'Média de Rpv']
[LOG]   Bloco 'Vol. movimentado': 14 linhas × 8 colunas
[LOG]   Bloco 'DMT Total': 14 linhas × 8 colunas
[LOG]   Bloco 'Média Cx Carga': 14 linhas × 8 colunas
[LOG]   Bloco 'Média de Rpv': 61 linhas × 8 colunas
[LOG]   4 sub-tabela(s) extraída(s) de 'Volume Real Diário'
[LOG] Total de sub-tabelas: 4

Success! Loaded 4 tables:

1. Volume Real Diário — Vol. movimentado: 14 rows × 8 cols
      Fazenda/Categoria     25/05     26/05     27/05     28/05     29/05     30/05     31/05
Tora Celulose Sem Casca 16.704,42 15.525,31 12.957,28 16.409,07 15.942,32 16.807,60 16.709,15
      Barranco Vermelho         —         —         —         —         —         —         —
     Caiçara III-Garcia         —         —         —         —         —         —         —

2. Volume Real Diário — DMT Total: 14 rows × 8 cols
      Fazenda/Categoria  25/05  26/05  27/05  28/05  29/05  30/05  31/05
Tora Celulose Sem Casca 176,74 172,50 165,07 174,04 178,03 176,54 179,50
      Barranco Vermelho      —      —      —      —      —      —      —
     Caiçara III-Garcia      —      —      —      —      —      —      —

3. Volume Real Diário — Média Cx Carga: 14 rows × 8 cols
      Fazenda/Categoria 25/05 26/05 27/05 28/05 29/05 30/05 31/05
Tora Celulose Sem Casca 63,04 61,85 60,27 61,69 62,27 61,34 61,43
      Barranco Vermelho     —     —     —     —     —     —     —
     Caiçara III-Garcia     —     —     —     —     —     —     —

4. Volume Real Diário — Média de Rpv: 61 rows × 8 cols
      Fazenda/Categoria  25/05  26/05  27/05  28/05  29/05  30/05  31/05
Tora Celulose Sem Casca 855,33 848,56 834,37 860,10 853,08 843,10 846,63
      Barranco Vermelho      —      —      —      —      —      —      —
     Caiçara III-Garcia      —      —      —      —      —      —      —
Testing updated extractors with EXTRATORES registration...
[LOG] Verificando existência do arquivo: \\brtlgwvfs01eld\Florestal\015_Logística Florestal e Infra Estrutura\002 - Logistica Florestal\01. Base de Dados\02. Manuais\09. ChatBot\Report Operacional\Report Operacional V2.xlsx
[LOG] Abrindo planilha...
[LOG] Lendo aba: 'Planilha1'...
[LOG]   Aba carregada: 58 linhas × 44 colunas
[LOG]   1 sub-tabela(s) extraída(s) de 'Planilha1'
[LOG] Lendo aba: 'Planilha2'...
[LOG]   Aba carregada: 29 linhas × 44 colunas
[LOG]   1 sub-tabela(s) extraída(s) de 'Planilha2'
[LOG] Lendo aba: 'Volume Real Diário'...
c:\Users\ext.matheusmm\Documents\Envio de Emails\.venv\Lib\site-packages\openpyxl\worksheet\_reader.py:329: UserWarning: Slicer List extension is not supported and will be removed
  warn(msg)
[LOG]   Aba carregada: 169 linhas × 33 colunas
[LOG]   Blocos detectados: ['Vol. movimentado', 'DMT Total', 'Média Cx Carga', 'Média de Rpv']
[LOG]   Bloco 'Vol. movimentado': 14 linhas × 8 colunas
[LOG]   Bloco 'DMT Total': 14 linhas × 8 colunas
[LOG]   Bloco 'Média Cx Carga': 14 linhas × 8 colunas
[LOG]   Bloco 'Média de Rpv': 61 linhas × 8 colunas
[LOG]   4 sub-tabela(s) extraída(s) de 'Volume Real Diário'
[LOG] Total de sub-tabelas: 6

Success! Loaded 6 tables:

1. Produção Celulose: 55 rows × 4 cols
Nome da Origem   Fazenda/Projeto             Dcr Produto      Vol
  05-2026.xlsx Barranco Vermelho Tora Celulose Sem Casca 3.879,41
  05-2026.xlsx Barranco Vermelho Tora Celulose Sem Casca 3.666,32

2. Produção Biomassa (Período 2): 26 rows × 4 cols
Nome da Origem     Fazenda/Projeto               Dcr Produto Vol
  05-2026.xlsx Boa Esperança-Blaya Tora Madeira - Inservivel   0
  05-2026.xlsx Boa Esperança-Blaya Tora Madeira - Inservivel   0

3. Volume Real Diário — Vol. movimentado: 14 rows × 8 cols
      Fazenda/Categoria     25/05     26/05     27/05     28/05     29/05     30/05     31/05
Tora Celulose Sem Casca 16.704,42 15.525,31 12.957,28 16.409,07 15.942,32 16.807,60 16.709,15
      Barranco Vermelho         —         —         —         —         —         —         —

4. Volume Real Diário — DMT Total: 14 rows × 8 cols
      Fazenda/Categoria  25/05  26/05  27/05  28/05  29/05  30/05  31/05
Tora Celulose Sem Casca 176,74 172,50 165,07 174,04 178,03 176,54 179,50
      Barranco Vermelho      —      —      —      —      —      —      —

5. Volume Real Diário — Média Cx Carga: 14 rows × 8 cols
      Fazenda/Categoria 25/05 26/05 27/05 28/05 29/05 30/05 31/05
Tora Celulose Sem Casca 63,04 61,85 60,27 61,69 62,27 61,34 61,43
      Barranco Vermelho     —     —     —     —     —     —     —

6. Volume Real Diário — Média de Rpv: 61 rows × 8 cols
      Fazenda/Categoria  25/05  26/05  27/05  28/05  29/05  30/05  31/05
Tora Celulose Sem Casca 855,33 848,56 834,37 860,10 853,08 843,10 846,63
      Barranco Vermelho      —      —      —      —      —      —      —
======================================================================
FINAL CONFIGURATION
======================================================================
EXCEL_PATH: \\brtlgwvfs01eld\Florestal\015_Logística Florestal e Infra Estrutura\002 - Logistica Florestal\01. Base de Dados\02. Manuais\09. ChatBot\Report Operacional\Report Operacional V2.xlsx
EMAIL_REMETENTE: ext.matheus.menezes@eldoradobrasil.com.br
DESTINATARIOS: ['gustavo.carmo@eldoradobrasil.com.br', 'alana.oliveira@eldoradobrasil.com.br', 'janaine.costa@eldoradobrasil.com.br', 'giovani.barbosa@eldoradobrasil.com.br', 'joao.gaspar@eldoradobrasil.com.br', 'rogerio.araujo@eldoradobrasil.com.br']

SHEET_CONFIG:
  - Sheet: Planilha1
    Title: Produção Celulose
    Extractor: extrator_producao_celulose_biomassa
    Active: True
  - Sheet: Planilha2
    Title: Produção Biomassa (Período 2)
    Extractor: extrator_producao_celulose_biomassa
    Active: True
  - Sheet: Volume Real Diário
    Title: Volume Real Diário
    Extractor: extrator_volume_real_diario
    Active: True

REGISTERED EXTRACTORS:
  - extrator_producao_celulose_biomassa
  - extrator_meta_diaria_bi
  - extrator_volume_real_diario
  - extrator_forecast_volume
  - extrator_micro_logistica

======================================================================
Ready to execute relatorios.executar()
======================================================================

Note: Make sure EMAIL_REMETENTE and DESTINATARIOS are set in .env
================================================================================
FINAL VALIDATION TEST
================================================================================

1. Checking file exists...
   \\brtlgwvfs01eld\Florestal\015_Logística Florestal e Infra Estrutura\002 - Logistica Florestal\01. Base de Dados\02. Manuais\09. ChatBot\Report Operacional\Report Operacional V2.xlsx
   Exists: True

2. Simulating refresh (would refresh Power Query)...
   _refresh_excel function available: True

3. Loading and segmenting data...
[LOG] Verificando existência do arquivo: \\brtlgwvfs01eld\Florestal\015_Logística Florestal e Infra Estrutura\002 - Logistica Florestal\01. Base de Dados\02. Manuais\09. ChatBot\Report Operacional\Report Operacional V2.xlsx
[LOG] Abrindo planilha...
[LOG] Lendo aba: 'Planilha1'...
[LOG]   Aba carregada: 58 linhas × 44 colunas
[LOG]   1 sub-tabela(s) extraída(s) de 'Planilha1'
[LOG] Lendo aba: 'Planilha2'...
[LOG]   Aba carregada: 29 linhas × 44 colunas
[LOG]   1 sub-tabela(s) extraída(s) de 'Planilha2'
[LOG] Lendo aba: 'Volume Real Diário'...
c:\Users\ext.matheusmm\Documents\Envio de Emails\.venv\Lib\site-packages\openpyxl\worksheet\_reader.py:329: UserWarning: Slicer List extension is not supported and will be removed
  warn(msg)
[LOG]   Aba carregada: 169 linhas × 33 colunas
[LOG]   Blocos detectados: ['Vol. movimentado', 'DMT Total', 'Média Cx Carga', 'Média de Rpv']
[LOG]   Bloco 'Vol. movimentado': 14 linhas × 8 colunas
[LOG]   Bloco 'DMT Total': 14 linhas × 8 colunas
[LOG]   Bloco 'Média Cx Carga': 14 linhas × 8 colunas
[LOG]   Bloco 'Média de Rpv': 61 linhas × 8 colunas
[LOG]   4 sub-tabela(s) extraída(s) de 'Volume Real Diário'
[LOG] Total de sub-tabelas: 6
Traceback (most recent call last):
Traceback (most recent call last):
  File "<string>", line 22, in <module>
  File "c:\Users\ext.matheusmm\Documents\Envio de Emails\relatorios.py", line 39, in write
    self._console.write(msg)
  File "C:\Users\ext.matheusmm\AppData\Local\Programs\Python\Python313\Lib\encodings\cp1252.py", line 19, in encode
    return codecs.charmap_encode(input,self.errors,encoding_table)[0]
UnicodeEncodeError: 'charmap' codec can't encode character '\u2713' in position 3: character maps to <undefined>

During handling of the above exception, another exception occurred:

Traceback (most recent call last):
  File "<string>", line 26, in <module>
  File "c:\Users\ext.matheusmm\Documents\Envio de Emails\relatorios.py", line 39, in write
    self._console.write(msg)
  File "C:\Users\ext.matheusmm\AppData\Local\Programs\Python\Python313\Lib\encodings\cp1252.py", line 19, in encode
    return codecs.charmap_encode(input,self.errors,encoding_table)[0]
UnicodeEncodeError: 'charmap' codec can't encode character '\u2717' in position 3: character maps to <undefined>
================================================================================
FINAL VALIDATION TEST
================================================================================

1. Checking file exists...
   \\brtlgwvfs01eld\Florestal\015_Logística Florestal e Infra Estrutura\002 - Logistica Florestal\01. Base de Dados\02. Manuais\09. ChatBot\Report Operacional\Report Operacional V2.xlsx
   Exists: True

2. Refresh function available...
   _refresh_excel function: True

3. Loading and segmenting data...
[LOG] Verificando existência do arquivo: \\brtlgwvfs01eld\Florestal\015_Logística Florestal e Infra Estrutura\002 - Logistica Florestal\01. Base de Dados\02. Manuais\09. ChatBot\Report Operacional\Report Operacional V2.xlsx
[LOG] Abrindo planilha...
[LOG] Lendo aba: 'Planilha1'...
[LOG]   Aba carregada: 58 linhas × 44 colunas
[LOG]   1 sub-tabela(s) extraída(s) de 'Planilha1'
[LOG] Lendo aba: 'Planilha2'...
[LOG]   Aba carregada: 29 linhas × 44 colunas
[LOG]   1 sub-tabela(s) extraída(s) de 'Planilha2'
[LOG] Lendo aba: 'Volume Real Diário'...
c:\Users\ext.matheusmm\Documents\Envio de Emails\.venv\Lib\site-packages\openpyxl\worksheet\_reader.py:329: UserWarning: Slicer List extension is not supported and will be removed
  warn(msg)
[LOG]   Aba carregada: 169 linhas × 33 colunas
[LOG]   Blocos detectados: ['Vol. movimentado', 'DMT Total', 'Média Cx Carga', 'Média de Rpv']
[LOG]   Bloco 'Vol. movimentado': 14 linhas × 8 colunas
[LOG]   Bloco 'DMT Total': 14 linhas × 8 colunas
[LOG]   Bloco 'Média Cx Carga': 14 linhas × 8 colunas
[LOG]   Bloco 'Média de Rpv': 61 linhas × 8 colunas
[LOG]   4 sub-tabela(s) extraída(s) de 'Volume Real Diário'
[LOG] Total de sub-tabelas: 6
   SUCCESS: Loaded 6 tables
     1. Produção Celulose: 55 rows x 4 cols
     2. Produção Biomassa (Período 2): 26 rows x 4 cols
     3. Volume Real Diário — Vol. movimentado: 14 rows x 8 cols
     4. Volume Real Diário — DMT Total: 14 rows x 8 cols
     5. Volume Real Diário — Média Cx Carga: 14 rows x 8 cols
     6. Volume Real Diário — Média de Rpv: 61 rows x 8 cols

4. Image generation available...
   gerar_todas_imagens function: True

5. Email configuration...
   From: ext.matheus.menezes@eldoradobrasil.com.br
   To: 6 recipients
      gustavo.carmo@eldoradobrasil.com.br

================================================================================
SUCCESS - All checks passed, system is ready!
================================================================================
============================================================
  SISTEMA DE ENVIO AUTOMÁTICO — REPORT OPERACIONAL ELDORADO
  Início: 08/06/2026 09:00:25
============================================================
[LOG] Destinatários configurados (1):
       → gustavo.carmo@eldoradobrasil.com.br
[LOG] Abrindo Excel em background para refresh: Report Operacional V2.xlsx
[LOG] Disparando RefreshAll (Power Query)...
[LOG] Refresh concluído.
[LOG] Verificando existência do arquivo: \\brtlgwvfs01eld\Florestal\015_Logística Florestal e Infra Estrutura\002 - Logistica Florestal\01. Base de Dados\02. Manuais\09. ChatBot\Report Operacional\Report Operacional V2.xlsx
[LOG] Abrindo planilha...
[LOG] Lendo aba: 'Planilha1'...
[LOG]   Aba carregada: 58 linhas × 44 colunas
[LOG]   1 sub-tabela(s) extraída(s) de 'Planilha1'
[LOG] Lendo aba: 'Planilha2'...
[LOG]   Aba carregada: 29 linhas × 44 colunas
[LOG]   1 sub-tabela(s) extraída(s) de 'Planilha2'
[LOG] Lendo aba: 'Volume Real Diário'...
C:\Users\ext.matheusmm\Documents\Envio de Emails\.venv\Lib\site-packages\openpyxl\worksheet\_reader.py:329: UserWarning: Slicer List extension is not supported and will be removed
  warn(msg)
[LOG]   Aba carregada: 169 linhas × 33 colunas
[LOG]   Blocos detectados: ['Vol. movimentado', 'DMT Total', 'Média Cx Carga', 'Média de Rpv']
[LOG]   Bloco 'Vol. movimentado': 14 linhas × 8 colunas
[LOG]   Bloco 'DMT Total': 14 linhas × 8 colunas
[LOG]   Bloco 'Média Cx Carga': 14 linhas × 8 colunas
[LOG]   Bloco 'Média de Rpv': 61 linhas × 8 colunas
[LOG]   4 sub-tabela(s) extraída(s) de 'Volume Real Diário'
[LOG] Total de sub-tabelas: 6
[LOG] Gerando imagem: 'Produção Celulose'...
[LOG]   Imagem salva: report_temp_01_Produção_Celulose.png
[LOG] Gerando imagem: 'Produção Biomassa (Período 2)'...
[LOG]   Imagem salva: report_temp_02_Produção_Biomassa__Período_2_.png
[LOG] Gerando imagem: 'Volume Real Diário — Vol. movimentado'...
[LOG]   Imagem salva: report_temp_03_Volume_Real_Diário___Vol__movimentado.png
[LOG] Gerando imagem: 'Volume Real Diário — DMT Total'...
[LOG]   Imagem salva: report_temp_04_Volume_Real_Diário___DMT_Total.png
[LOG] Gerando imagem: 'Volume Real Diário — Média Cx Carga'...
[LOG]   Imagem salva: report_temp_05_Volume_Real_Diário___Média_Cx_Carga.png
[LOG] Gerando imagem: 'Volume Real Diário — Média de Rpv'...
[LOG]   Imagem salva: report_temp_06_Volume_Real_Diário___Média_de_Rpv.png
[LOG] E-mail montado com sucesso.
[LOG] Criando e-mail no Outlook...
[LOG] E-mail enviado para: gustavo.carmo@eldoradobrasil.com.br
[LOG] Temporário removido: report_temp_01_Produção_Celulose.png
[LOG] Temporário removido: report_temp_02_Produção_Biomassa__Período_2_.png
[LOG] Temporário removido: report_temp_03_Volume_Real_Diário___Vol__movimentado.png
[LOG] Temporário removido: report_temp_04_Volume_Real_Diário___DMT_Total.png
[LOG] Temporário removido: report_temp_05_Volume_Real_Diário___Média_Cx_Carga.png
[LOG] Temporário removido: report_temp_06_Volume_Real_Diário___Média_de_Rpv.png

[LOG] Duração total: 373.7s
============================================================
path exists True
sheets ['Planilha1', 'Planilha2', 'Planilha3', 'Planilha4', 'Volume Real Diário']
sheet missing
EXCEL_PATH from code:
\\brtlgwvfs01eld\Florestal\015_Logística Florestal e Infra Estrutura\002 - Logistica Florestal\01. Base de Dados\02. Manuais\09. ChatBot\Report Operacional\Report Operacional V2.xlsx
exists True
sheet names: ['Planilha1', 'Planilha2', 'Planilha3', 'Planilha4', 'Volume Real Diário']
module file: c:\Users\ext.matheusmm\Documents\Envio de Emails\relatorios.py
EXCEL_PATH repr: '\\\\brtlgwvfs01eld\\Florestal\\015_Logística Florestal e Infra Estrutura\\002 - Logistica Florestal\\01. Base de Dados\\02. Manuais\\09. ChatBot\\Report Operacional\\Report Operacional V2.xlsx'
EXCEL_PATH contains V2? True
module EXCEL_PATH: \\brtlgwvfs01eld\Florestal\015_Logística Florestal e Infra Estrutura\002 - Logistica Florestal\01. Base de Dados\02. Manuais\09. ChatBot\03. Planilha de envio\Relatório de Produção - Logística Florestal.xlsx
sheet config: [{'sheet': 'Tabela - Produção Diária', 'titulo': 'Produção Diária', 'extrator': 'extrator_producao_celulose_biomassa', 'ativo': True}]
path repr: '\\\\brtlgwvfs01eld\\Florestal\\015_Logística Florestal e Infra Estrutura\\002 - Logistica Florestal\\01. Base de Dados\\02. Manuais\\09. ChatBot\\03. Planilha de envio\\Relatório de Produção - Logística Florestal.xlsx'
exists: True
sheets: ['Tabela - Produção Diária', 'Tabela - Produção Mensal']
c:\Users\ext.matheusmm\Documents\Envio de Emails\.venv\Lib\site-packages\openpyxl\worksheet\_reader.py:329: UserWarning: Slicer List extension is not supported and will be removed
  warn(msg)
title Tabela - Produção Diária
max_row 21 max_col 27
3 ['Filtros:', None, 'Report Operacional - Celulose', None, None, None, None, None, None, None, None, None, None, None, None, None, None, 'Report Operacional - Biomassa', None, None]
6 [None, None, 'Dcr Produto', 'Tora Celulose Sem Casca', 'Logísitca de Celulose', None, None, None, None, None, None, None, None, None, None, None, None, 'Dcr Produto', '(Vários itens)', 'Logística de Biomassa']
8 [None, None, 'Fazenda', 'Meta Vol. Cel.', 'Vol. M³ Entregue', '% Real. Cel.', 'Cx. de Carga', 'Meta DMT', 'DMT', 'CMs Alocados', 'CMs Carregados', 'RPV', None, None, None, None, None, 'Fazenda', 'Meta Vol. Bio.', 'Vol. M³ Entregue']
9 [None, None, 'Debrasa-Energética', 9965, 5323.66, 0.534235825388861, 61.90302325581395, 166.07, 170.1594186046512, 56, 86, 850.8953488372093, None, None, None, None, None, 'Indiana II', 1541, 2649.16]
10 [None, None, 'Indiana II', 8209, 7439.45, 0.9062553295163844, 61.99541666666664, 197.89, 211.4411666666668, 94, 120, 877.7166666666667, None, None, None, None, None, 'Resultado Geral', 1541, 2649.16]
11 [None, None, 'Santa Ângela-CaiçaraIII', 2339, 2970.72, 1.2700812312954253, 61.89000000000001, 121.1, 116.40458333333332, 32, 48, 814.3125, None, None, None, None, None, None, None, None]
12 [None, None, 'Resultado Geral', 20513, 15733.83, 0.7670175010968654, 61.94421259842522, 161.68666666666664, 179.50421259842528, 182, 254, 856.6535433070866, None, None, None, None, None, None, None, None]

Merged cells:
R3:AA3
R4:AA4
C4:L4
E6:L6
T6:AA6
C3:L3

Defined tables:

Charts:
BarChart <openpyxl.chart.title.Title object>
Parameters:
tx=<openpyxl.chart.text.Text object>
Parameters:
strRef=None, rich=<openpyxl.chart.text.RichText object>
Parameters:
bodyPr=<openpyxl.drawing.text.RichTextProperties object>
Parameters:
rot=0, spcFirstLastPara=True, vertOverflow='ellipsis', horzOverflow=None, vert='horz', wrap='square', lIns=None, tIns=None, rIns=None, bIns=None, numCol=None, spcCol=None, rtlCol=None, fromWordArt=None, anchor='ctr', anchorCtr=True, forceAA=None, upright=None, compatLnSpc=None, prstTxWarp=None, scene3d=None, noAutofit=False, normAutofit=False, spAutoFit=False, lstStyle=<openpyxl.drawing.text.ListStyle object>
Parameters:
defPPr=None, lvl1pPr=None, lvl2pPr=None, lvl3pPr=None, lvl4pPr=None, lvl5pPr=None, lvl6pPr=None, lvl7pPr=None, lvl8pPr=None, lvl9pPr=None, p=[<openpyxl.drawing.text.Paragraph object>
Parameters:
pPr=<openpyxl.drawing.text.ParagraphProperties object>
Parameters:
marL=None, marR=None, lvl=None, indent=None, algn=None, defTabSz=None, rtl=None, eaLnBrk=None, fontAlgn=None, latinLnBrk=None, hangingPunct=None, lnSpc=None, spcBef=None, spcAft=None, tabLst=None, defRPr=<openpyxl.drawing.text.CharacterProperties object>
Parameters:
kumimoji=None, lang=None, altLang=None, sz=1400.0, b=True, i=False, u=None, strike='noStrike', kern=1200, cap=None, spc=0, normalizeH=None, baseline=0, noProof=None, dirty=None, err=None, smtClean=None, smtId=None, bmk=None, ln=None, noFill=False, solidFill=<openpyxl.drawing.colors.ColorChoice object>
Parameters:
scrgbClr=None, srgbClr=None, hslClr=None, sysClr=<openpyxl.drawing.colors.SystemColor object>
Parameters:
val='windowText', lastClr='000000', tint=None, shade=None, comp=None, inv=None, gray=None, alpha=None, alphaOff=None, alphaMod=None, hue=None, hueOff=None, hueMod=None, hueOff=None, sat=None, satOff=None, satMod=None, lum=None, lumOff=None, lumMod=None, red=None, redOff=None, redMod=None, green=None, greenOff=None, greenMod=None, blue=None, blueOff=None, blueMod=None, gamma=None, invGamma=None, schemeClr=None, prstClr=None, gradFill=None, blipFill=None, pattFill=None, grpFill=False, effectLst=None, effectDag=None, highlight=None, uLnTx=False, uLn=None, uFillTx=False, uFill=False, latin=<openpyxl.drawing.text.Font object>
Parameters:
typeface='+mn-lt', panose=None, pitchFamily=None, charset=None, ea=<openpyxl.drawing.text.Font object>
Parameters:
typeface='+mn-ea', panose=None, pitchFamily=None, charset=None, cs=<openpyxl.drawing.text.Font object>
Parameters:
typeface='+mn-cs', panose=None, pitchFamily=None, charset=None, sym=None, hlinkClick=None, hlinkMouseOver=None, rtl=None, buClrTx=False, buClr=None, buSzTx=False, buSzPct=None, buSzPts=None, buFontTx=False, buFont=None, buNone=False, buAutoNum=False, buChar=None, buBlip=None, r=[<openpyxl.drawing.text.RegularTextRun object>
Parameters:
rPr=<openpyxl.drawing.text.CharacterProperties object>
Parameters:
kumimoji=None, lang='pt-BR', altLang=None, sz=None, b=True, i=None, u=None, strike=None, kern=None, cap=None, spc=None, normalizeH=None, baseline=None, noProof=None, dirty=None, err=None, smtClean=None, smtId=None, bmk=None, ln=None, noFill=False, solidFill=<openpyxl.drawing.colors.ColorChoice object>
Parameters:
scrgbClr=None, srgbClr=None, hslClr=None, sysClr=<openpyxl.drawing.colors.SystemColor object>
Parameters:
val='windowText', lastClr='000000', tint=None, shade=None, comp=None, inv=None, gray=None, alpha=None, alphaOff=None, alphaMod=None, hue=None, hueOff=None, hueMod=None, hueOff=None, sat=None, satOff=None, satMod=None, lum=None, lumOff=None, lumMod=None, red=None, redOff=None, redMod=None, green=None, greenOff=None, greenMod=None, blue=None, blueOff=None, blueMod=None, gamma=None, invGamma=None, schemeClr=None, prstClr=None, gradFill=None, blipFill=None, pattFill=None, grpFill=False, effectLst=None, effectDag=None, highlight=None, uLnTx=False, uLn=None, uFillTx=False, uFill=False, latin=None, ea=None, cs=None, sym=None, hlinkClick=None, hlinkMouseOver=None, rtl=None, t='Volume', <openpyxl.drawing.text.RegularTextRun object>
Parameters:
rPr=<openpyxl.drawing.text.CharacterProperties object>
Parameters:
kumimoji=None, lang='pt-BR', altLang=None, sz=None, b=True, i=None, u=None, strike=None, kern=None, cap=None, spc=None, normalizeH=None, baseline=0, noProof=None, dirty=None, err=None, smtClean=None, smtId=None, bmk=None, ln=None, noFill=False, solidFill=<openpyxl.drawing.colors.ColorChoice object>
Parameters:
scrgbClr=None, srgbClr=None, hslClr=None, sysClr=<openpyxl.drawing.colors.SystemColor object>
Parameters:
val='windowText', lastClr='000000', tint=None, shade=None, comp=None, inv=None, gray=None, alpha=None, alphaOff=None, alphaMod=None, hue=None, hueOff=None, hueMod=None, hueOff=None, sat=None, satOff=None, satMod=None, lum=None, lumOff=None, lumMod=None, red=None, redOff=None, redMod=None, green=None, greenOff=None, greenMod=None, blue=None, blueOff=None, blueMod=None, gamma=None, invGamma=None, schemeClr=None, prstClr=None, gradFill=None, blipFill=None, pattFill=None, grpFill=False, effectLst=None, effectDag=None, highlight=None, uLnTx=False, uLn=None, uFillTx=False, uFill=False, latin=None, ea=None, cs=None, sym=None, hlinkClick=None, hlinkMouseOver=None, rtl=None, t=' Entregue (M³)'], br=None, fld=None, endParaRPr=<openpyxl.drawing.text.CharacterProperties object>
Parameters:
kumimoji=None, lang='pt-BR', altLang=None, sz=None, b=True, i=None, u=None, strike=None, kern=None, cap=None, spc=None, normalizeH=None, baseline=None, noProof=None, dirty=None, err=None, smtClean=None, smtId=None, bmk=None, ln=None, noFill=False, solidFill=<openpyxl.drawing.colors.ColorChoice object>
Parameters:
scrgbClr=None, srgbClr=None, hslClr=None, sysClr=<openpyxl.drawing.colors.SystemColor object>
Parameters:
val='windowText', lastClr='000000', tint=None, shade=None, comp=None, inv=None, gray=None, alpha=None, alphaOff=None, alphaMod=None, hue=None, hueOff=None, hueMod=None, hueOff=None, sat=None, satOff=None, satMod=None, lum=None, lumOff=None, lumMod=None, red=None, redOff=None, redMod=None, green=None, greenOff=None, greenMod=None, blue=None, blueOff=None, blueMod=None, gamma=None, invGamma=None, schemeClr=None, prstClr=None, gradFill=None, blipFill=None, pattFill=None, grpFill=False, effectLst=None, effectDag=None, highlight=None, uLnTx=False, uLn=None, uFillTx=False, uFill=False, latin=None, ea=None, cs=None, sym=None, hlinkClick=None, hlinkMouseOver=None, rtl=None], layout=<openpyxl.chart.layout.Layout object>
Parameters:
manualLayout=<openpyxl.chart.layout.ManualLayout object>
Parameters:
layoutTarget=None, xMode='edge', yMode='edge', wMode='factor', hMode='factor', x=0.37715455956447314, y=0.034633881184082387, w=None, h=None, overlay=False, spPr=<openpyxl.chart.shapes.GraphicalProperties object>
Parameters:
bwMode=None, xfrm=None, prstGeom=None, noFill=True, solidFill=None, gradFill=None, pattFill=None, ln=<openpyxl.drawing.line.LineProperties object>
Parameters:
w=None, cap=None, cmpd=None, algn=None, noFill=True, solidFill=None, gradFill=None, pattFill=None, prstDash='solid', custDash=None, round=False, bevel=False, miter=None, headEnd=None, tailEnd=None, scene3d=None, sp3d=None, txPr=<openpyxl.chart.text.RichText object>
Parameters:
bodyPr=<openpyxl.drawing.text.RichTextProperties object>
Parameters:
rot=0, spcFirstLastPara=True, vertOverflow='ellipsis', horzOverflow=None, vert='horz', wrap='square', lIns=None, tIns=None, rIns=None, bIns=None, numCol=None, spcCol=None, rtlCol=None, fromWordArt=None, anchor='ctr', anchorCtr=True, forceAA=None, upright=None, compatLnSpc=None, prstTxWarp=None, scene3d=None, noAutofit=False, normAutofit=False, spAutoFit=False, lstStyle=<openpyxl.drawing.text.ListStyle object>
Parameters:
defPPr=None, lvl1pPr=None, lvl2pPr=None, lvl3pPr=None, lvl4pPr=None, lvl5pPr=None, lvl6pPr=None, lvl7pPr=None, lvl8pPr=None, lvl9pPr=None, p=[<openpyxl.drawing.text.Paragraph object>
Parameters:
pPr=<openpyxl.drawing.text.ParagraphProperties object>
Parameters:
marL=None, marR=None, lvl=None, indent=None, algn=None, defTabSz=None, rtl=None, eaLnBrk=None, fontAlgn=None, latinLnBrk=None, hangingPunct=None, lnSpc=None, spcBef=None, spcAft=None, tabLst=None, defRPr=<openpyxl.drawing.text.CharacterProperties object>
Parameters:
kumimoji=None, lang=None, altLang=None, sz=1400.0, b=True, i=False, u=None, strike='noStrike', kern=1200, cap=None, spc=0, normalizeH=None, baseline=0, noProof=None, dirty=None, err=None, smtClean=None, smtId=None, bmk=None, ln=None, noFill=False, solidFill=<openpyxl.drawing.colors.ColorChoice object>
Parameters:
scrgbClr=None, srgbClr=None, hslClr=None, sysClr=<openpyxl.drawing.colors.SystemColor object>
Parameters:
val='windowText', lastClr='000000', tint=None, shade=None, comp=None, inv=None, gray=None, alpha=None, alphaOff=None, alphaMod=None, hue=None, hueOff=None, hueMod=None, hueOff=None, sat=None, satOff=None, satMod=None, lum=None, lumOff=None, lumMod=None, red=None, redOff=None, redMod=None, green=None, greenOff=None, greenMod=None, blue=None, blueOff=None, blueMod=None, gamma=None, invGamma=None, schemeClr=None, prstClr=None, gradFill=None, blipFill=None, pattFill=None, grpFill=False, effectLst=None, effectDag=None, highlight=None, uLnTx=False, uLn=None, uFillTx=False, uFill=False, latin=<openpyxl.drawing.text.Font object>
Parameters:
typeface='+mn-lt', panose=None, pitchFamily=None, charset=None, ea=<openpyxl.drawing.text.Font object>
Parameters:
typeface='+mn-ea', panose=None, pitchFamily=None, charset=None, cs=<openpyxl.drawing.text.Font object>
Parameters:
typeface='+mn-cs', panose=None, pitchFamily=None, charset=None, sym=None, hlinkClick=None, hlinkMouseOver=None, rtl=None, buClrTx=False, buClr=None, buSzTx=False, buSzPct=None, buSzPts=None, buFontTx=False, buFont=None, buNone=False, buAutoNum=False, buChar=None, buBlip=None, r=[<openpyxl.drawing.text.RegularTextRun object>
Parameters:
rPr=None, t=''], br=None, fld=None, endParaRPr=<openpyxl.drawing.text.CharacterProperties object>
Parameters:
kumimoji=None, lang='pt-BR', altLang=None, sz=None, b=None, i=None, u=None, strike=None, kern=None, cap=None, spc=None, normalizeH=None, baseline=None, noProof=None, dirty=None, err=None, smtClean=None, smtId=None, bmk=None, ln=None, noFill=False, solidFill=None, gradFill=None, blipFill=None, pattFill=None, grpFill=False, effectLst=None, effectDag=None, highlight=None, uLnTx=False, uLn=None, uFillTx=False, uFill=False, latin=None, ea=None, cs=None, sym=None, hlinkClick=None, hlinkMouseOver=None, rtl=None]
BarChart <openpyxl.chart.title.Title object>
Parameters:
tx=<openpyxl.chart.text.Text object>
Parameters:
strRef=None, rich=<openpyxl.chart.text.RichText object>
Parameters:
bodyPr=<openpyxl.drawing.text.RichTextProperties object>
Parameters:
rot=0, spcFirstLastPara=True, vertOverflow='ellipsis', horzOverflow=None, vert='horz', wrap='square', lIns=None, tIns=None, rIns=None, bIns=None, numCol=None, spcCol=None, rtlCol=None, fromWordArt=None, anchor='ctr', anchorCtr=True, forceAA=None, upright=None, compatLnSpc=None, prstTxWarp=None, scene3d=None, noAutofit=False, normAutofit=False, spAutoFit=False, lstStyle=<openpyxl.drawing.text.ListStyle object>
Parameters:
defPPr=None, lvl1pPr=None, lvl2pPr=None, lvl3pPr=None, lvl4pPr=None, lvl5pPr=None, lvl6pPr=None, lvl7pPr=None, lvl8pPr=None, lvl9pPr=None, p=[<openpyxl.drawing.text.Paragraph object>
Parameters:
pPr=<openpyxl.drawing.text.ParagraphProperties object>
Parameters:
marL=None, marR=None, lvl=None, indent=None, algn=None, defTabSz=None, rtl=None, eaLnBrk=None, fontAlgn=None, latinLnBrk=None, hangingPunct=None, lnSpc=None, spcBef=None, spcAft=None, tabLst=None, defRPr=<openpyxl.drawing.text.CharacterProperties object>
Parameters:
kumimoji=None, lang=None, altLang=None, sz=1400.0, b=True, i=False, u=None, strike='noStrike', kern=1200, cap=None, spc=0, normalizeH=None, baseline=0, noProof=None, dirty=None, err=None, smtClean=None, smtId=None, bmk=None, ln=None, noFill=False, solidFill=<openpyxl.drawing.colors.ColorChoice object>
Parameters:
scrgbClr=None, srgbClr=None, hslClr=None, sysClr=<openpyxl.drawing.colors.SystemColor object>
Parameters:
val='windowText', lastClr='000000', tint=None, shade=None, comp=None, inv=None, gray=None, alpha=None, alphaOff=None, alphaMod=None, hue=None, hueOff=None, hueMod=None, hueOff=None, sat=None, satOff=None, satMod=None, lum=None, lumOff=None, lumMod=None, red=None, redOff=None, redMod=None, green=None, greenOff=None, greenMod=None, blue=None, blueOff=None, blueMod=None, gamma=None, invGamma=None, schemeClr=None, prstClr=None, gradFill=None, blipFill=None, pattFill=None, grpFill=False, effectLst=None, effectDag=None, highlight=None, uLnTx=False, uLn=None, uFillTx=False, uFill=False, latin=<openpyxl.drawing.text.Font object>
Parameters:
typeface='+mn-lt', panose=None, pitchFamily=None, charset=None, ea=<openpyxl.drawing.text.Font object>
Parameters:
typeface='+mn-ea', panose=None, pitchFamily=None, charset=None, cs=<openpyxl.drawing.text.Font object>
Parameters:
typeface='+mn-cs', panose=None, pitchFamily=None, charset=None, sym=None, hlinkClick=None, hlinkMouseOver=None, rtl=None, buClrTx=False, buClr=None, buSzTx=False, buSzPct=None, buSzPts=None, buFontTx=False, buFont=None, buNone=False, buAutoNum=False, buChar=None, buBlip=None, r=[<openpyxl.drawing.text.RegularTextRun object>
Parameters:
rPr=<openpyxl.drawing.text.CharacterProperties object>
Parameters:
kumimoji=None, lang='pt-BR', altLang=None, sz=None, b=True, i=None, u=None, strike=None, kern=None, cap=None, spc=None, normalizeH=None, baseline=None, noProof=None, dirty=None, err=None, smtClean=None, smtId=None, bmk=None, ln=None, noFill=False, solidFill=<openpyxl.drawing.colors.ColorChoice object>
Parameters:
scrgbClr=None, srgbClr=None, hslClr=None, sysClr=<openpyxl.drawing.colors.SystemColor object>
Parameters:
val='windowText', lastClr='000000', tint=None, shade=None, comp=None, inv=None, gray=None, alpha=None, alphaOff=None, alphaMod=None, hue=None, hueOff=None, hueMod=None, hueOff=None, sat=None, satOff=None, satMod=None, lum=None, lumOff=None, lumMod=None, red=None, redOff=None, redMod=None, green=None, greenOff=None, greenMod=None, blue=None, blueOff=None, blueMod=None, gamma=None, invGamma=None, schemeClr=None, prstClr=None, gradFill=None, blipFill=None, pattFill=None, grpFill=False, effectLst=None, effectDag=None, highlight=None, uLnTx=False, uLn=None, uFillTx=False, uFill=False, latin=None, ea=None, cs=None, sym=None, hlinkClick=None, hlinkMouseOver=None, rtl=None, t='Volume', <openpyxl.drawing.text.RegularTextRun object>
Parameters:
rPr=<openpyxl.drawing.text.CharacterProperties object>
Parameters:
kumimoji=None, lang='pt-BR', altLang=None, sz=None, b=True, i=None, u=None, strike=None, kern=None, cap=None, spc=None, normalizeH=None, baseline=0, noProof=None, dirty=None, err=None, smtClean=None, smtId=None, bmk=None, ln=None, noFill=False, solidFill=<openpyxl.drawing.colors.ColorChoice object>
Parameters:
scrgbClr=None, srgbClr=None, hslClr=None, sysClr=<openpyxl.drawing.colors.SystemColor object>
Parameters:
val='windowText', lastClr='000000', tint=None, shade=None, comp=None, inv=None, gray=None, alpha=None, alphaOff=None, alphaMod=None, hue=None, hueOff=None, hueMod=None, hueOff=None, sat=None, satOff=None, satMod=None, lum=None, lumOff=None, lumMod=None, red=None, redOff=None, redMod=None, green=None, greenOff=None, greenMod=None, blue=None, blueOff=None, blueMod=None, gamma=None, invGamma=None, schemeClr=None, prstClr=None, gradFill=None, blipFill=None, pattFill=None, grpFill=False, effectLst=None, effectDag=None, highlight=None, uLnTx=False, uLn=None, uFillTx=False, uFill=False, latin=None, ea=None, cs=None, sym=None, hlinkClick=None, hlinkMouseOver=None, rtl=None, t=' Entregue (M³)'], br=None, fld=None, endParaRPr=<openpyxl.drawing.text.CharacterProperties object>
Parameters:
kumimoji=None, lang='pt-BR', altLang=None, sz=None, b=True, i=None, u=None, strike=None, kern=None, cap=None, spc=None, normalizeH=None, baseline=None, noProof=None, dirty=None, err=None, smtClean=None, smtId=None, bmk=None, ln=None, noFill=False, solidFill=<openpyxl.drawing.colors.ColorChoice object>
Parameters:
scrgbClr=None, srgbClr=None, hslClr=None, sysClr=<openpyxl.drawing.colors.SystemColor object>
Parameters:
val='windowText', lastClr='000000', tint=None, shade=None, comp=None, inv=None, gray=None, alpha=None, alphaOff=None, alphaMod=None, hue=None, hueOff=None, hueMod=None, hueOff=None, sat=None, satOff=None, satMod=None, lum=None, lumOff=None, lumMod=None, red=None, redOff=None, redMod=None, green=None, greenOff=None, greenMod=None, blue=None, blueOff=None, blueMod=None, gamma=None, invGamma=None, schemeClr=None, prstClr=None, gradFill=None, blipFill=None, pattFill=None, grpFill=False, effectLst=None, effectDag=None, highlight=None, uLnTx=False, uLn=None, uFillTx=False, uFill=False, latin=None, ea=None, cs=None, sym=None, hlinkClick=None, hlinkMouseOver=None, rtl=None], layout=<openpyxl.chart.layout.Layout object>
Parameters:
manualLayout=<openpyxl.chart.layout.ManualLayout object>
Parameters:
layoutTarget=None, xMode='edge', yMode='edge', wMode='factor', hMode='factor', x=0.37715455956447314, y=0.034633881184082387, w=None, h=None, overlay=False, spPr=<openpyxl.chart.shapes.GraphicalProperties object>
Parameters:
bwMode=None, xfrm=None, prstGeom=None, noFill=True, solidFill=None, gradFill=None, pattFill=None, ln=<openpyxl.drawing.line.LineProperties object>
Parameters:
w=None, cap=None, cmpd=None, algn=None, noFill=True, solidFill=None, gradFill=None, pattFill=None, prstDash='solid', custDash=None, round=False, bevel=False, miter=None, headEnd=None, tailEnd=None, scene3d=None, sp3d=None, txPr=<openpyxl.chart.text.RichText object>
Parameters:
bodyPr=<openpyxl.drawing.text.RichTextProperties object>
Parameters:
rot=0, spcFirstLastPara=True, vertOverflow='ellipsis', horzOverflow=None, vert='horz', wrap='square', lIns=None, tIns=None, rIns=None, bIns=None, numCol=None, spcCol=None, rtlCol=None, fromWordArt=None, anchor='ctr', anchorCtr=True, forceAA=None, upright=None, compatLnSpc=None, prstTxWarp=None, scene3d=None, noAutofit=False, normAutofit=False, spAutoFit=False, lstStyle=<openpyxl.drawing.text.ListStyle object>
Parameters:
defPPr=None, lvl1pPr=None, lvl2pPr=None, lvl3pPr=None, lvl4pPr=None, lvl5pPr=None, lvl6pPr=None, lvl7pPr=None, lvl8pPr=None, lvl9pPr=None, p=[<openpyxl.drawing.text.Paragraph object>
Parameters:
pPr=<openpyxl.drawing.text.ParagraphProperties object>
Parameters:
marL=None, marR=None, lvl=None, indent=None, algn=None, defTabSz=None, rtl=None, eaLnBrk=None, fontAlgn=None, latinLnBrk=None, hangingPunct=None, lnSpc=None, spcBef=None, spcAft=None, tabLst=None, defRPr=<openpyxl.drawing.text.CharacterProperties object>
Parameters:
kumimoji=None, lang=None, altLang=None, sz=1400.0, b=True, i=False, u=None, strike='noStrike', kern=1200, cap=None, spc=0, normalizeH=None, baseline=0, noProof=None, dirty=None, err=None, smtClean=None, smtId=None, bmk=None, ln=None, noFill=False, solidFill=<openpyxl.drawing.colors.ColorChoice object>
Parameters:
scrgbClr=None, srgbClr=None, hslClr=None, sysClr=<openpyxl.drawing.colors.SystemColor object>
Parameters:
val='windowText', lastClr='000000', tint=None, shade=None, comp=None, inv=None, gray=None, alpha=None, alphaOff=None, alphaMod=None, hue=None, hueOff=None, hueMod=None, hueOff=None, sat=None, satOff=None, satMod=None, lum=None, lumOff=None, lumMod=None, red=None, redOff=None, redMod=None, green=None, greenOff=None, greenMod=None, blue=None, blueOff=None, blueMod=None, gamma=None, invGamma=None, schemeClr=None, prstClr=None, gradFill=None, blipFill=None, pattFill=None, grpFill=False, effectLst=None, effectDag=None, highlight=None, uLnTx=False, uLn=None, uFillTx=False, uFill=False, latin=<openpyxl.drawing.text.Font object>
Parameters:
typeface='+mn-lt', panose=None, pitchFamily=None, charset=None, ea=<openpyxl.drawing.text.Font object>
Parameters:
typeface='+mn-ea', panose=None, pitchFamily=None, charset=None, cs=<openpyxl.drawing.text.Font object>
Parameters:
typeface='+mn-cs', panose=None, pitchFamily=None, charset=None, sym=None, hlinkClick=None, hlinkMouseOver=None, rtl=None, buClrTx=False, buClr=None, buSzTx=False, buSzPct=None, buSzPts=None, buFontTx=False, buFont=None, buNone=False, buAutoNum=False, buChar=None, buBlip=None, r=[<openpyxl.drawing.text.RegularTextRun object>
Parameters:
rPr=None, t=''], br=None, fld=None, endParaRPr=<openpyxl.drawing.text.CharacterProperties object>
Parameters:
kumimoji=None, lang='pt-BR', altLang=None, sz=None, b=None, i=None, u=None, strike=None, kern=None, cap=None, spc=None, normalizeH=None, baseline=None, noProof=None, dirty=None, err=None, smtClean=None, smtId=None, bmk=None, ln=None, noFill=False, solidFill=None, gradFill=None, blipFill=None, pattFill=None, grpFill=False, effectLst=None, effectDag=None, highlight=None, uLnTx=False, uLn=None, uFillTx=False, uFill=False, latin=None, ea=None, cs=None, sym=None, hlinkClick=None, hlinkMouseOver=None, rtl=None]
c:\Users\ext.matheusmm\Documents\Envio de Emails\.venv\Lib\site-packages\openpyxl\worksheet\_reader.py:329: UserWarning: Slicer List extension is not supported and will be removed
  warn(msg)
3 ["'Filtros:'", None, "'Report Operacional - Celulose'", None, None, None, None, None, None, None, None, None, None, None, None, None, None, "'Report Operacional - Biomassa'", None, None, None, None, None, None, None, None, None]
6 [None, None, "'Dcr Produto'", "'Tora Celulose Sem Casca'", "'Logísitca de Celulose'", None, None, None, None, None, None, None, None, None, None, None, None, "'Dcr Produto'", "'(Vários itens)'", "'Logística de Biomassa'", None, None, None, None, None, None, None]
8 [None, None, "'Fazenda'", "'Meta Vol. Cel.'", "'Vol. M³ Entregue'", "'% Real. Cel.'", "'Cx. de Carga'", "'Meta DMT'", "'DMT'", "'CMs Alocados'", "'CMs Carregados'", "'RPV'", None, None, None, None, None, "'Fazenda'", "'Meta Vol. Bio.'", "'Vol. M³ Entregue'", "'% Real. Bio.'", "'Cx. de Carga'", "'Meta DMT'", "'DMT'", "'CMs Alocados'", "'CMs Carregados'", "'RPV'"]
9 [None, None, "'Debrasa-Energética'", '9965', '5323.66', '0.534235825388861', '61.90302325581395', '166.07', '170.1594186046512', '56', '86', '850.8953488372093', None, None, None, None, None, "'Indiana II'", '1541', '2649.16', '1.7191174561972744', '64.61365853658536', '197.89', '206.77195121951218', None, '41', '640.3414634146342']
10 [None, None, "'Indiana II'", '8209', '7439.45', '0.9062553295163844', '61.99541666666664', '197.89', '211.4411666666668', '94', '120', '877.7166666666667', None, None, None, None, None, "'Resultado Geral'", '1541', '2649.16', '1.7191174561972744', '64.61365853658536', '197.89', '206.77195121951223', None, '41', '640.3414634146342']
11 [None, None, "'Santa Ângela-CaiçaraIII'", '2339', '2970.72', '1.2700812312954253', '61.89000000000001', '121.1', '116.40458333333332', '32', '48', '814.3125', None, None, None, None, None, None, None, None, None, None, None, None, None, None, None]
12 [None, None, "'Resultado Geral'", '20513', '15733.83', '0.7670175010968654', '61.94421259842522', '161.68666666666664', '179.50421259842528', '182', '254', '856.6535433070866', None, None, None, None, None, None, None, None, None, None, None, None, None, None, None]

Columns with values by row:
Traceback (most recent call last):
  File "<string>", line 14, in <module>
    cols = [c+1 for c,v in enumerate([ws.cell(row=r, column=c).value for c in range(27)]) if v is not None and str(v).strip()!='']
                                      ~~~~~~~^^^^^^^^^^^^^^^^^
  File "c:\Users\ext.matheusmm\Documents\Envio de Emails\.venv\Lib\site-packages\openpyxl\worksheet\worksheet.py", line 242, in cell
    raise ValueError("Row or column values must be at least 1")
ValueError: Row or column values must be at least 1
chart_count: 2
chart 1 name Chart 2 type -4111
exported True
chart 2 name Chart 9 type -4111
exported True
EXCEL_PATH \\brtlgwvfs01eld\Florestal\015_Logística Florestal e Infra Estrutura\002 - Logistica Florestal\01. Base de Dados\02. Manuais\09. ChatBot\03. Planilha de envio\Relatório de Produção - Logística Florestal.xlsx
ANEXAR_GRAFICOS True
[LOG] Verificando existência do arquivo: \\brtlgwvfs01eld\Florestal\015_Logística Florestal e Infra Estrutura\002 - Logistica Florestal\01. Base de Dados\02. Manuais\09. ChatBot\03. Planilha de envio\Relatório de Produção - Logística Florestal.xlsx
[LOG] Abrindo planilha...
[LOG] Lendo aba: 'Tabela - Produção Diária'...
c:\Users\ext.matheusmm\Documents\Envio de Emails\.venv\Lib\site-packages\openpyxl\worksheet\_reader.py:329: UserWarning: Slicer List extension is not supported and will be removed
  warn(msg)
[LOG]   Aba carregada: 12 linhas × 27 colunas
[LOG]   2 sub-tabela(s) extraída(s) de 'Tabela - Produção Diária'
[LOG] Total de sub-tabelas: 2
tabelas count 2
TITULO: Dcr Produto — Tora Celulose Sem Casca shape (4, 10)
              Fazenda Meta Vol. Cel.  ... CMs Carregados     RPV
0  Debrasa-Energética          9.965  ...             86  850,90
1          Indiana II          8.209  ...            120  877,72

[2 rows x 10 columns]
TITULO: Dcr Produto — (Vários itens) shape (2, 9)
           Fazenda Meta Vol. Bio.  ... CMs Carregados     RPV
0       Indiana II          1.541  ...             41  640,34
1  Resultado Geral          1.541  ...             41  640,34

[2 rows x 9 columns]
[LOG] Exportando 2 gráfico(s) de 'Tabela - Produção Diária'...
[AVISO] Não exportou gráfico 1 de 'Tabela - Produção Diária'.
[AVISO] Não exportou gráfico 2 de 'Tabela - Produção Diária'.
chart files []
charts 2
name Chart 2
target c:\Users\ext.matheusmm\Documents\Envio de Emails\chart_test_abs_01.png
res True
exists True
name Chart 9
target c:\Users\ext.matheusmm\Documents\Envio de Emails\chart_test_abs_02.png
res True
exists True
ANEXAR_GRAFICOS True
[LOG] Exportando 2 gráfico(s) de 'Tabela - Produção Diária'...
[LOG]   Gráfico exportado: c:\Users\ext.matheusmm\Documents\Envio de Emails\chart_test_Tabela_-_Produção_Diária_01.png
[LOG]   Gráfico exportado: c:\Users\ext.matheusmm\Documents\Envio de Emails\chart_test_Tabela_-_Produção_Diária_02.png
chart files ['c:\\Users\\ext.matheusmm\\Documents\\Envio de Emails\\chart_test_Tabela_-_Produção_Diária_01.png', 'c:\\Users\\ext.matheusmm\\Documents\\Envio de Emails\\chart_test_Tabela_-_Produção_Diária_02.png']
exists c:\Users\ext.matheusmm\Documents\Envio de Emails\chart_test_Tabela_-_Produção_Diária_01.png True
exists c:\Users\ext.matheusmm\Documents\Envio de Emails\chart_test_Tabela_-_Produção_Diária_02.png True
[LOG] Verificando existência do arquivo: \\brtlgwvfs01eld\Florestal\015_Logística Florestal e Infra Estrutura\002 - Logistica Florestal\01. Base de Dados\02. Manuais\09. ChatBot\03. Planilha de envio\Relatório de Produção - Logística Florestal.xlsx
[LOG] Abrindo planilha...
[LOG] Lendo aba: 'Tabela - Produção Diária'...
c:\Users\ext.matheusmm\Documents\Envio de Emails\.venv\Lib\site-packages\openpyxl\worksheet\_reader.py:329: UserWarning: Slicer List extension is not supported and will be removed
  warn(msg)
[LOG]   Aba carregada: 12 linhas × 27 colunas
[LOG]   2 sub-tabela(s) extraída(s) de 'Tabela - Produção Diária'
[LOG] Total de sub-tabelas: 2
tabelas count 2
title Dcr Produto — Tora Celulose Sem Casca shape (4, 10)
title Dcr Produto — (Vários itens) shape (2, 9)
============================================================
  SISTEMA DE ENVIO AUTOMÁTICO — REPORT OPERACIONAL ELDORADO
  Início: 08/06/2026 09:19:21
============================================================
[LOG] Destinatários configurados (1):
       → gustavo.carmo@eldoradobrasil.com.br
[LOG] Abrindo Excel em background para refresh: Relatório de Produção - Logística Florestal.xlsx
[LOG] Disparando RefreshAll (Power Query)...
[LOG] Refresh concluído.
[LOG] Exportando 2 gráfico(s) de 'Tabela - Produção Diária'...
[LOG]   Gráfico exportado: C:\Users\ext.matheusmm\Documents\Envio de Emails\report_temp_Tabela_-_Produção_Diária_01.png
[LOG]   Gráfico exportado: C:\Users\ext.matheusmm\Documents\Envio de Emails\report_temp_Tabela_-_Produção_Diária_02.png
[LOG] Verificando existência do arquivo: \\brtlgwvfs01eld\Florestal\015_Logística Florestal e Infra Estrutura\002 - Logistica Florestal\01. Base de Dados\02. Manuais\09. ChatBot\03. Planilha de envio\Relatório de Produção - Logística Florestal.xlsx
[LOG] Abrindo planilha...
[LOG] Lendo aba: 'Tabela - Produção Diária'...
C:\Users\ext.matheusmm\Documents\Envio de Emails\.venv\Lib\site-packages\openpyxl\worksheet\_reader.py:329: UserWarning: Slicer List extension is not supported and will be removed
  warn(msg)
[LOG]   Aba carregada: 12 linhas × 27 colunas
[LOG]   2 sub-tabela(s) extraída(s) de 'Tabela - Produção Diária'
[LOG] Total de sub-tabelas: 2
[LOG] Gerando imagem: 'Dcr Produto — Tora Celulose Sem Casca'...
[LOG]   Imagem salva: report_temp_01_Dcr_Produto___Tora_Celulose_Sem_Casca.png
[LOG] Gerando imagem: 'Dcr Produto — (Vários itens)'...
[LOG]   Imagem salva: report_temp_02_Dcr_Produto____Vários_itens_.png
[LOG] E-mail montado com sucesso.
[LOG] Criando e-mail no Outlook...
[LOG] E-mail enviado para: gustavo.carmo@eldoradobrasil.com.br
[LOG] Temporário removido: report_temp_01_Dcr_Produto___Tora_Celulose_Sem_Casca.png
[LOG] Temporário removido: report_temp_02_Dcr_Produto____Vários_itens_.png
[LOG] Temporário removido: C:\Users\ext.matheusmm\Documents\Envio de Emails\report_temp_Tabela_-_Produção_Diária_01.png
[LOG] Temporário removido: C:\Users\ext.matheusmm\Documents\Envio de Emails\report_temp_Tabela_-_Produção_Diária_02.png

[LOG] Duração total: 50.2s
============================================================
chart count 2
chart 1 name Chart 2 left 195.10693359375 top 102.51787567138672 width 744.7501831054688 height 166.8749542236328
 title Volume Entregue (M³)
 axes count 1
 type -4111
chart 2 name Chart 9 left 999.2857666015625 top 98.07141876220703 width 632.7855834960938 height 166.8749542236328
 title Volume Entregue (M³)
 axes count 1
 type -4111
============================================================
  SISTEMA DE ENVIO AUTOMÁTICO — REPORT OPERACIONAL ELDORADO
  Início: 08/06/2026 09:32:25
============================================================
[LOG] Destinatários configurados (1):
       → gustavo.carmo@eldoradobrasil.com.br
[LOG] Abrindo Excel em background para refresh: Relatório de Produção - Logística Florestal.xlsx

[LOG] Duração total: 3.2s
============================================================
Traceback (most recent call last):
  File "c:\Users\ext.matheusmm\Documents\Envio de Emails\relatorios.py", line 1274, in <module>
    executar()
    ~~~~~~~~^^
  File "c:\Users\ext.matheusmm\Documents\Envio de Emails\relatorios.py", line 1211, in executar
    if not _refresh_excel(EXCEL_PATH):
           ~~~~~~~~~~~~~~^^^^^^^^^^^^
  File "c:\Users\ext.matheusmm\Documents\Envio de Emails\relatorios.py", line 305, in _refresh_excel
    app = xw.App(visible=False, add_book=False)
  File "C:\Users\ext.matheusmm\Documents\Envio de Emails\.venv\Lib\site-packages\xlwings\main.py", line 328, in __init__
    self.impl = engines.active.apps.add(
                ~~~~~~~~~~~~~~~~~~~~~~~^
        spec=spec, add_book=add_book, visible=visible
        ^^^^^^^^^^^^^^^^^^^^^^^^^^^^^^^^^^^^^^^^^^^^^
    ).impl
    ^
  File "C:\Users\ext.matheusmm\Documents\Envio de Emails\.venv\Lib\site-packages\xlwings\main.py", line 221, in add
    return App(impl=self.impl.add(**kwargs))
                    ~~~~~~~~~~~~~^^^^^^^^^^
  File "C:\Users\ext.matheusmm\Documents\Envio de Emails\.venv\Lib\site-packages\xlwings\_xlwindows.py", line 510, in add
    return App(spec=spec, add_book=add_book, xl=xl, visible=visible)
  File "C:\Users\ext.matheusmm\Documents\Envio de Emails\.venv\Lib\site-packages\xlwings\_xlwindows.py", line 563, in __init__
    self._xl = COMRetryObjectWrapper(DispatchEx("Excel.Application"))
                                     ~~~~~~~~~~^^^^^^^^^^^^^^^^^^^^^
  File "C:\Users\ext.matheusmm\Documents\Envio de Emails\.venv\Lib\site-packages\win32com\client\__init__.py", line 142, in DispatchEx
    dispatch = pythoncom.CoCreateInstanceEx(
               ~~~~~~~~~~~~~~~~~~~~~~~~~~~~^
        clsid, None, clsctx, serverInfo, (pythoncom.IID_IDispatch,)
        ^^^^^^^^^^^^^^^^^^^^^^^^^^^^^^^^^^^^^^^^^^^^^^^^^^^^^^^^^^^
    )[0]
    ^
KeyboardInterrupt
============================================================
  SISTEMA DE ENVIO AUTOMÁTICO — REPORT OPERACIONAL ELDORADO
  Início: 08/06/2026 09:32:40
============================================================
[LOG] Destinatários configurados (1):
       → gustavo.carmo@eldoradobrasil.com.br
[LOG] Abrindo Excel em background para refresh: Relatório de Produção - Logística Florestal.xlsx
[LOG] Disparando RefreshAll (Power Query)...
[LOG] Refresh concluído.
[LOG] Exportando 2 gráfico(s) de 'Tabela - Produção Diária'...
[LOG]   Gráfico exportado: C:\Users\ext.matheusmm\Documents\Envio de Emails\report_temp_Tabela_-_Produção_Diária_01.png (Grafico de Celulose: Report Operacional - Celulose)
[LOG]   Gráfico exportado: C:\Users\ext.matheusmm\Documents\Envio de Emails\report_temp_Tabela_-_Produção_Diária_02.png (Grafico de Biomassa: Report Operacional - Biomassa)
[LOG] Verificando existência do arquivo: \\brtlgwvfs01eld\Florestal\015_Logística Florestal e Infra Estrutura\002 - Logistica Florestal\01. Base de Dados\02. Manuais\09. ChatBot\03. Planilha de envio\Relatório de Produção - Logística Florestal.xlsx
[LOG] Abrindo planilha...
[LOG] Lendo aba: 'Tabela - Produção Diária'...
C:\Users\ext.matheusmm\Documents\Envio de Emails\.venv\Lib\site-packages\openpyxl\worksheet\_reader.py:329: UserWarning: Slicer List extension is not supported and will be removed
  warn(msg)
[LOG]   Aba carregada: 12 linhas × 27 colunas
[LOG]   2 sub-tabela(s) extraída(s) de 'Tabela - Produção Diária'
[LOG] Total de sub-tabelas: 2
[LOG] Gerando imagem: 'Logísitca de Celulose'...
[LOG]   Imagem salva: report_temp_01_Logísitca_de_Celulose.png
[LOG] Gerando imagem: 'Logística de Biomassa'...
[LOG]   Imagem salva: report_temp_02_Logística_de_Biomassa.png
[LOG] E-mail montado com sucesso.
[LOG] Criando e-mail no Outlook...
[LOG] E-mail enviado para: gustavo.carmo@eldoradobrasil.com.br
[LOG] Temporário removido: report_temp_01_Logísitca_de_Celulose.png
[LOG] Temporário removido: report_temp_02_Logística_de_Biomassa.png
[LOG] Temporário removido: C:\Users\ext.matheusmm\Documents\Envio de Emails\report_temp_Tabela_-_Produção_Diária_01.png
[LOG] Temporário removido: C:\Users\ext.matheusmm\Documents\Envio de Emails\report_temp_Tabela_-_Produção_Diária_02.png

[LOG] Duração total: 54.9s
============================================================
============================================================
  SISTEMA DE ENVIO AUTOMÁTICO — REPORT OPERACIONAL ELDORADO
  Início: 08/06/2026 09:37:57
============================================================
[LOG] Destinatários configurados (1):
       → gustavo.carmo@eldoradobrasil.com.br
[LOG] Abrindo Excel em background para refresh: Relatório de Produção - Logística Florestal.xlsx
[LOG] Disparando RefreshAll (Power Query)...
[LOG] Refresh concluído.
[LOG] Exportando 2 gráfico(s) de 'Tabela - Produção Diária'...
[LOG]   Gráfico exportado: C:\Users\ext.matheusmm\Documents\Envio de Emails\report_temp_Tabela_-_Produção_Diária_01.png (Grafico de Celulose: Report Operacional - Celulose)
[LOG]   Gráfico exportado: C:\Users\ext.matheusmm\Documents\Envio de Emails\report_temp_Tabela_-_Produção_Diária_02.png (Grafico de Biomassa: Report Operacional - Biomassa)
[LOG] Verificando existência do arquivo: \\brtlgwvfs01eld\Florestal\015_Logística Florestal e Infra Estrutura\002 - Logistica Florestal\01. Base de Dados\02. Manuais\09. ChatBot\03. Planilha de envio\Relatório de Produção - Logística Florestal.xlsx
[LOG] Abrindo planilha...
[LOG] Lendo aba: 'Tabela - Produção Diária'...
C:\Users\ext.matheusmm\Documents\Envio de Emails\.venv\Lib\site-packages\openpyxl\worksheet\_reader.py:329: UserWarning: Slicer List extension is not supported and will be removed
  warn(msg)
[LOG]   Aba carregada: 12 linhas × 27 colunas
[LOG]   2 sub-tabela(s) extraída(s) de 'Tabela - Produção Diária'
[LOG] Total de sub-tabelas: 2
[LOG] Gerando imagem: 'Logísitca de Celulose'...
[LOG]   Imagem salva: report_temp_01_Logísitca_de_Celulose.png
[LOG] Gerando imagem: 'Logística de Biomassa'...
[LOG]   Imagem salva: report_temp_02_Logística_de_Biomassa.png
C:\Users\ext.matheusmm\Documents\Envio de Emails\.venv\Lib\site-packages\openpyxl\worksheet\_reader.py:329: UserWarning: Slicer List extension is not supported and will be removed
  warn(msg)

[ERRO INESPERADO] montar_email_html() got an unexpected keyword argument 'data_coleta'
Traceback (most recent call last):
  File "C:\Users\ext.matheusmm\Documents\Envio de Emails\relatorios.py", line 1251, in executar
    html_body, imagem_paths, anexos = montar_email_html(
                                      ~~~~~~~~~~~~~~~~~^
        assunto              = ASSUNTO,
        ^^^^^^^^^^^^^^^^^^^^^^^^^^^^^^^
    ...<11 lines>...
        tem_graficos         = bool(chart_items),
        ^^^^^^^^^^^^^^^^^^^^^^^^^^^^^^^^^^^^^^^^^
    )
    ^
TypeError: montar_email_html() got an unexpected keyword argument 'data_coleta'
[LOG] Temporário removido: report_temp_01_Logísitca_de_Celulose.png
[LOG] Temporário removido: report_temp_02_Logística_de_Biomassa.png
[LOG] Temporário removido: C:\Users\ext.matheusmm\Documents\Envio de Emails\report_temp_Tabela_-_Produção_Diária_01.png
[LOG] Temporário removido: C:\Users\ext.matheusmm\Documents\Envio de Emails\report_temp_Tabela_-_Produção_Diária_02.png

[LOG] Duração total: 53.9s
============================================================
============================================================
  SISTEMA DE ENVIO AUTOMÁTICO — REPORT OPERACIONAL ELDORADO
  Início: 08/06/2026 09:39:50
============================================================
[LOG] Destinatários configurados (1):
       → gustavo.carmo@eldoradobrasil.com.br
[LOG] Abrindo Excel em background para refresh: Relatório de Produção - Logística Florestal.xlsx
[LOG] Disparando RefreshAll (Power Query)...
[LOG] Refresh concluído.
[LOG] Exportando 2 gráfico(s) de 'Tabela - Produção Diária'...
[LOG]   Gráfico exportado: C:\Users\ext.matheusmm\Documents\Envio de Emails\report_temp_Tabela_-_Produção_Diária_01.png (Grafico de Celulose: Report Operacional - Celulose)
[LOG]   Gráfico exportado: C:\Users\ext.matheusmm\Documents\Envio de Emails\report_temp_Tabela_-_Produção_Diária_02.png (Grafico de Biomassa: Report Operacional - Biomassa)
[LOG] Verificando existência do arquivo: \\brtlgwvfs01eld\Florestal\015_Logística Florestal e Infra Estrutura\002 - Logistica Florestal\01. Base de Dados\02. Manuais\09. ChatBot\03. Planilha de envio\Relatório de Produção - Logística Florestal.xlsx
[LOG] Abrindo planilha...
[LOG] Lendo aba: 'Tabela - Produção Diária'...
C:\Users\ext.matheusmm\Documents\Envio de Emails\.venv\Lib\site-packages\openpyxl\worksheet\_reader.py:329: UserWarning: Slicer List extension is not supported and will be removed
  warn(msg)
[LOG]   Aba carregada: 12 linhas × 27 colunas
[LOG]   2 sub-tabela(s) extraída(s) de 'Tabela - Produção Diária'
[LOG] Total de sub-tabelas: 2
[LOG] Gerando imagem: 'Logísitca de Celulose'...
[LOG]   Imagem salva: report_temp_01_Logísitca_de_Celulose.png
[LOG] Gerando imagem: 'Logística de Biomassa'...
[LOG]   Imagem salva: report_temp_02_Logística_de_Biomassa.png
C:\Users\ext.matheusmm\Documents\Envio de Emails\.venv\Lib\site-packages\openpyxl\worksheet\_reader.py:329: UserWarning: Slicer List extension is not supported and will be removed
  warn(msg)
[LOG] E-mail montado com sucesso.
[LOG] Criando e-mail no Outlook...
[LOG] E-mail enviado para: gustavo.carmo@eldoradobrasil.com.br
[LOG] Temporário removido: report_temp_01_Logísitca_de_Celulose.png
[LOG] Temporário removido: report_temp_02_Logística_de_Biomassa.png
[LOG] Temporário removido: C:\Users\ext.matheusmm\Documents\Envio de Emails\report_temp_Tabela_-_Produção_Diária_01.png
[LOG] Temporário removido: C:\Users\ext.matheusmm\Documents\Envio de Emails\report_temp_Tabela_-_Produção_Diária_02.png

[LOG] Duração total: 49.8s
============================================================
============================================================
  SISTEMA DE ENVIO AUTOMÁTICO — REPORT OPERACIONAL ELDORADO
  Início: 08/06/2026 09:42:14
============================================================
[LOG] Destinatários configurados (1):
       → gustavo.carmo@eldoradobrasil.com.br
[LOG] Abrindo Excel em background para refresh: Relatório de Produção - Logística Florestal.xlsx
[LOG] Disparando RefreshAll (Power Query)...
[LOG] Refresh concluído.
[LOG] Exportando 2 gráfico(s) de 'Tabela - Produção Diária'...
[LOG]   Gráfico exportado: C:\Users\ext.matheusmm\Documents\Envio de Emails\report_temp_Tabela_-_Produção_Diária_01.png (Grafico de Celulose: Report Operacional - Celulose)
[LOG]   Gráfico exportado: C:\Users\ext.matheusmm\Documents\Envio de Emails\report_temp_Tabela_-_Produção_Diária_02.png (Grafico de Biomassa: Report Operacional - Biomassa)
[LOG] Verificando existência do arquivo: \\brtlgwvfs01eld\Florestal\015_Logística Florestal e Infra Estrutura\002 - Logistica Florestal\01. Base de Dados\02. Manuais\09. ChatBot\03. Planilha de envio\Relatório de Produção - Logística Florestal.xlsx
[LOG] Abrindo planilha...
[LOG] Lendo aba: 'Tabela - Produção Diária'...
C:\Users\ext.matheusmm\Documents\Envio de Emails\.venv\Lib\site-packages\openpyxl\worksheet\_reader.py:329: UserWarning: Slicer List extension is not supported and will be removed
  warn(msg)
[LOG]   Aba carregada: 12 linhas × 27 colunas
[LOG]   2 sub-tabela(s) extraída(s) de 'Tabela - Produção Diária'
[LOG] Total de sub-tabelas: 2
[LOG] Gerando imagem: 'Logísitca de Celulose'...
[LOG]   Imagem salva: report_temp_01_Logísitca_de_Celulose.png
[LOG] Gerando imagem: 'Logística de Biomassa'...
[LOG]   Imagem salva: report_temp_02_Logística_de_Biomassa.png
C:\Users\ext.matheusmm\Documents\Envio de Emails\.venv\Lib\site-packages\openpyxl\worksheet\_reader.py:329: UserWarning: Slicer List extension is not supported and will be removed
  warn(msg)
[LOG] E-mail montado com sucesso.
[LOG] Criando e-mail no Outlook...
[LOG] E-mail enviado para: gustavo.carmo@eldoradobrasil.com.br
[LOG] Temporário removido: report_temp_01_Logísitca_de_Celulose.png
[LOG] Temporário removido: report_temp_02_Logística_de_Biomassa.png
[LOG] Temporário removido: C:\Users\ext.matheusmm\Documents\Envio de Emails\report_temp_Tabela_-_Produção_Diária_01.png
[LOG] Temporário removido: C:\Users\ext.matheusmm\Documents\Envio de Emails\report_temp_Tabela_-_Produção_Diária_02.png

[LOG] Duração total: 48.5s
============================================================
============================================================
  SISTEMA DE ENVIO AUTOMÁTICO — REPORT OPERACIONAL ELDORADO
  Início: 08/06/2026 09:44:52
============================================================
[LOG] Destinatários configurados (1):
       → gustavo.carmo@eldoradobrasil.com.br
[LOG] Abrindo Excel em background para refresh: Relatório de Produção - Logística Florestal.xlsx
[LOG] Disparando RefreshAll (Power Query)...
[LOG] Refresh concluído.
[LOG] Exportando 2 gráfico(s) de 'Tabela - Produção Diária'...
[LOG]   Gráfico exportado: C:\Users\ext.matheusmm\Documents\Envio de Emails\report_temp_Tabela_-_Produção_Diária_01.png (Grafico de Celulose: Report Operacional - Celulose)
[LOG]   Gráfico exportado: C:\Users\ext.matheusmm\Documents\Envio de Emails\report_temp_Tabela_-_Produção_Diária_02.png (Grafico de Biomassa: Report Operacional - Biomassa)
[LOG] Verificando existência do arquivo: \\brtlgwvfs01eld\Florestal\015_Logística Florestal e Infra Estrutura\002 - Logistica Florestal\01. Base de Dados\02. Manuais\09. ChatBot\03. Planilha de envio\Relatório de Produção - Logística Florestal.xlsx
[LOG] Abrindo planilha...
[LOG] Lendo aba: 'Tabela - Produção Diária'...
C:\Users\ext.matheusmm\Documents\Envio de Emails\.venv\Lib\site-packages\openpyxl\worksheet\_reader.py:329: UserWarning: Slicer List extension is not supported and will be removed
  warn(msg)
[LOG]   Aba carregada: 12 linhas × 27 colunas
[LOG]   2 sub-tabela(s) extraída(s) de 'Tabela - Produção Diária'
[LOG] Total de sub-tabelas: 2
[LOG] Gerando imagem: 'Logísitca de Celulose'...
[LOG]   Imagem salva: report_temp_01_Logísitca_de_Celulose.png
[LOG] Gerando imagem: 'Logística de Biomassa'...
[LOG]   Imagem salva: report_temp_02_Logística_de_Biomassa.png
C:\Users\ext.matheusmm\Documents\Envio de Emails\.venv\Lib\site-packages\openpyxl\worksheet\_reader.py:329: UserWarning: Slicer List extension is not supported and will be removed
  warn(msg)
[LOG] E-mail montado com sucesso.
[LOG] Criando e-mail no Outlook...
[LOG] E-mail enviado para: gustavo.carmo@eldoradobrasil.com.br
[LOG] Temporário removido: report_temp_01_Logísitca_de_Celulose.png
[LOG] Temporário removido: report_temp_02_Logística_de_Biomassa.png
[LOG] Temporário removido: C:\Users\ext.matheusmm\Documents\Envio de Emails\report_temp_Tabela_-_Produção_Diária_01.png
[LOG] Temporário removido: C:\Users\ext.matheusmm\Documents\Envio de Emails\report_temp_Tabela_-_Produção_Diária_02.png

[LOG] Duração total: 59.2s
============================================================
============================================================
  SISTEMA DE ENVIO AUTOMÁTICO — REPORT OPERACIONAL ELDORADO
  Início: 08/06/2026 09:48:52
============================================================
[LOG] Destinatários configurados (1):
       → gustavo.carmo@eldoradobrasil.com.br
[LOG] Abrindo Excel em background para refresh: Relatório de Produção - Logística Florestal.xlsx
[LOG] Disparando RefreshAll (Power Query)...
[LOG] Refresh concluído.
[LOG] Exportando 2 gráfico(s) de 'Tabela - Produção Diária'...
[LOG]   Gráfico exportado: C:\Users\ext.matheusmm\Documents\Envio de Emails\report_temp_Tabela_-_Produção_Diária_01.png (Grafico de Celulose: Report Operacional - Celulose)
[LOG]   Gráfico exportado: C:\Users\ext.matheusmm\Documents\Envio de Emails\report_temp_Tabela_-_Produção_Diária_02.png (Grafico de Biomassa: Report Operacional - Biomassa)
[LOG] Verificando existência do arquivo: \\brtlgwvfs01eld\Florestal\015_Logística Florestal e Infra Estrutura\002 - Logistica Florestal\01. Base de Dados\02. Manuais\09. ChatBot\03. Planilha de envio\Relatório de Produção - Logística Florestal.xlsx
[LOG] Abrindo planilha...
[LOG] Lendo aba: 'Tabela - Produção Diária'...
C:\Users\ext.matheusmm\Documents\Envio de Emails\.venv\Lib\site-packages\openpyxl\worksheet\_reader.py:329: UserWarning: Slicer List extension is not supported and will be removed
  warn(msg)
[LOG]   Aba carregada: 12 linhas × 27 colunas
[LOG]   2 sub-tabela(s) extraída(s) de 'Tabela - Produção Diária'
[LOG] Total de sub-tabelas: 2
[LOG] Gerando imagem: 'Logísitca de Celulose'...
[LOG]   Imagem salva: report_temp_01_Logísitca_de_Celulose.png
[LOG] Gerando imagem: 'Logística de Biomassa'...
[LOG]   Imagem salva: report_temp_02_Logística_de_Biomassa.png
C:\Users\ext.matheusmm\Documents\Envio de Emails\.venv\Lib\site-packages\openpyxl\worksheet\_reader.py:329: UserWarning: Slicer List extension is not supported and will be removed
  warn(msg)
[LOG] E-mail montado com sucesso.
[LOG] Criando e-mail no Outlook...
[LOG] E-mail enviado para: gustavo.carmo@eldoradobrasil.com.br
[LOG] Temporário removido: report_temp_01_Logísitca_de_Celulose.png
[LOG] Temporário removido: report_temp_02_Logística_de_Biomassa.png
[LOG] Temporário removido: C:\Users\ext.matheusmm\Documents\Envio de Emails\report_temp_Tabela_-_Produção_Diária_01.png
[LOG] Temporário removido: C:\Users\ext.matheusmm\Documents\Envio de Emails\report_temp_Tabela_-_Produção_Diária_02.png

[LOG] Duração total: 52.5s
============================================================
============================================================
  SISTEMA DE ENVIO AUTOMÁTICO — REPORT OPERACIONAL ELDORADO
  Início: 08/06/2026 09:51:03
============================================================
[LOG] Destinatários configurados (1):
       → gustavo.carmo@eldoradobrasil.com.br
[LOG] Abrindo Excel em background para refresh: Relatório de Produção - Logística Florestal.xlsx
[LOG] Disparando RefreshAll (Power Query)...
[LOG] Refresh concluído.
[LOG] Exportando 2 gráfico(s) de 'Tabela - Produção Diária'...
[LOG]   Gráfico exportado: C:\Users\ext.matheusmm\Documents\Envio de Emails\report_temp_Tabela_-_Produção_Diária_01.png (Grafico de Celulose: Report Operacional - Celulose)
[LOG]   Gráfico exportado: C:\Users\ext.matheusmm\Documents\Envio de Emails\report_temp_Tabela_-_Produção_Diária_02.png (Grafico de Biomassa: Report Operacional - Biomassa)
[LOG] Verificando existência do arquivo: \\brtlgwvfs01eld\Florestal\015_Logística Florestal e Infra Estrutura\002 - Logistica Florestal\01. Base de Dados\02. Manuais\09. ChatBot\03. Planilha de envio\Relatório de Produção - Logística Florestal.xlsx
[LOG] Abrindo planilha...
[LOG] Lendo aba: 'Tabela - Produção Diária'...
C:\Users\ext.matheusmm\Documents\Envio de Emails\.venv\Lib\site-packages\openpyxl\worksheet\_reader.py:329: UserWarning: Slicer List extension is not supported and will be removed
  warn(msg)
[LOG]   Aba carregada: 12 linhas × 27 colunas
[LOG]   2 sub-tabela(s) extraída(s) de 'Tabela - Produção Diária'
[LOG] Total de sub-tabelas: 2
[LOG] Gerando imagem: 'Logísitca de Celulose'...
[LOG]   Imagem salva: report_temp_01_Logísitca_de_Celulose.png
[LOG] Gerando imagem: 'Logística de Biomassa'...
[LOG]   Imagem salva: report_temp_02_Logística_de_Biomassa.png
C:\Users\ext.matheusmm\Documents\Envio de Emails\.venv\Lib\site-packages\openpyxl\worksheet\_reader.py:329: UserWarning: Slicer List extension is not supported and will be removed
  warn(msg)
[LOG] E-mail montado com sucesso.
[LOG] Criando e-mail no Outlook...
[LOG] E-mail enviado para: gustavo.carmo@eldoradobrasil.com.br
[LOG] Temporário removido: report_temp_01_Logísitca_de_Celulose.png
[LOG] Temporário removido: report_temp_02_Logística_de_Biomassa.png
[LOG] Temporário removido: C:\Users\ext.matheusmm\Documents\Envio de Emails\report_temp_Tabela_-_Produção_Diária_01.png
[LOG] Temporário removido: C:\Users\ext.matheusmm\Documents\Envio de Emails\report_temp_Tabela_-_Produção_Diária_02.png

[LOG] Duração total: 50.6s
============================================================
============================================================
  SISTEMA DE ENVIO AUTOMÁTICO — REPORT OPERACIONAL ELDORADO
  Início: 08/06/2026 09:52:34
============================================================
[LOG] Destinatários configurados (1):
       → gustavo.carmo@eldoradobrasil.com.br
[LOG] Abrindo Excel em background para refresh: Relatório de Produção - Logística Florestal.xlsx
[LOG] Disparando RefreshAll (Power Query)...
[LOG] Refresh concluído.
[LOG] Exportando 2 gráfico(s) de 'Tabela - Produção Diária'...
[LOG]   Gráfico exportado: C:\Users\ext.matheusmm\Documents\Envio de Emails\report_temp_Tabela_-_Produção_Diária_01.png (Grafico de Celulose: Report Operacional - Celulose)
[LOG]   Gráfico exportado: C:\Users\ext.matheusmm\Documents\Envio de Emails\report_temp_Tabela_-_Produção_Diária_02.png (Grafico de Biomassa: Report Operacional - Biomassa)
[LOG] Verificando existência do arquivo: \\brtlgwvfs01eld\Florestal\015_Logística Florestal e Infra Estrutura\002 - Logistica Florestal\01. Base de Dados\02. Manuais\09. ChatBot\03. Planilha de envio\Relatório de Produção - Logística Florestal.xlsx
[LOG] Abrindo planilha...
[LOG] Lendo aba: 'Tabela - Produção Diária'...
C:\Users\ext.matheusmm\Documents\Envio de Emails\.venv\Lib\site-packages\openpyxl\worksheet\_reader.py:329: UserWarning: Slicer List extension is not supported and will be removed
  warn(msg)
[LOG]   Aba carregada: 12 linhas × 27 colunas
[LOG]   2 sub-tabela(s) extraída(s) de 'Tabela - Produção Diária'
[LOG] Total de sub-tabelas: 2
[LOG] Gerando imagem: 'Logísitca de Celulose'...
[LOG]   Imagem salva: report_temp_01_Logísitca_de_Celulose.png
[LOG] Gerando imagem: 'Logística de Biomassa'...
[LOG]   Imagem salva: report_temp_02_Logística_de_Biomassa.png
C:\Users\ext.matheusmm\Documents\Envio de Emails\.venv\Lib\site-packages\openpyxl\worksheet\_reader.py:329: UserWarning: Slicer List extension is not supported and will be removed
  warn(msg)
[LOG] E-mail montado com sucesso.
[LOG] Criando e-mail no Outlook...
[LOG] E-mail enviado para: gustavo.carmo@eldoradobrasil.com.br
[LOG] Temporário removido: report_temp_01_Logísitca_de_Celulose.png
[LOG] Temporário removido: report_temp_02_Logística_de_Biomassa.png
[LOG] Temporário removido: C:\Users\ext.matheusmm\Documents\Envio de Emails\report_temp_Tabela_-_Produção_Diária_01.png
[LOG] Temporário removido: C:\Users\ext.matheusmm\Documents\Envio de Emails\report_temp_Tabela_-_Produção_Diária_02.png

[LOG] Duração total: 54.5s
============================================================
============================================================
  SISTEMA DE ENVIO AUTOMÁTICO — REPORT OPERACIONAL ELDORADO
  Início: 08/06/2026 09:55:57
============================================================
[LOG] Destinatários configurados (1):
       → gustavo.carmo@eldoradobrasil.com.br
[LOG] Abrindo Excel em background para refresh: Relatório de Produção - Logística Florestal.xlsx
[LOG] Disparando RefreshAll (Power Query)...
[LOG] Refresh concluído.
[LOG] Exportando 2 gráfico(s) de 'Tabela - Produção Diária'...
[LOG]   Gráfico exportado: C:\Users\ext.matheusmm\Documents\Envio de Emails\report_temp_Tabela_-_Produção_Diária_01.png (Grafico de Celulose: Report Operacional - Celulose)
[LOG]   Gráfico exportado: C:\Users\ext.matheusmm\Documents\Envio de Emails\report_temp_Tabela_-_Produção_Diária_02.png (Grafico de Biomassa: Report Operacional - Biomassa)
[LOG] Verificando existência do arquivo: \\brtlgwvfs01eld\Florestal\015_Logística Florestal e Infra Estrutura\002 - Logistica Florestal\01. Base de Dados\02. Manuais\09. ChatBot\03. Planilha de envio\Relatório de Produção - Logística Florestal.xlsx
[LOG] Abrindo planilha...
[LOG] Lendo aba: 'Tabela - Produção Diária'...
C:\Users\ext.matheusmm\Documents\Envio de Emails\.venv\Lib\site-packages\openpyxl\worksheet\_reader.py:329: UserWarning: Slicer List extension is not supported and will be removed
  warn(msg)
[LOG]   Aba carregada: 12 linhas × 27 colunas
[LOG]   2 sub-tabela(s) extraída(s) de 'Tabela - Produção Diária'
[LOG] Total de sub-tabelas: 2
[LOG] Gerando imagem: 'Logística de Celulose'...
[LOG]   Imagem salva: report_temp_01_Logística_de_Celulose.png
[LOG] Gerando imagem: 'Logística de Biomassa'...
[LOG]   Imagem salva: report_temp_02_Logística_de_Biomassa.png
C:\Users\ext.matheusmm\Documents\Envio de Emails\.venv\Lib\site-packages\openpyxl\worksheet\_reader.py:329: UserWarning: Slicer List extension is not supported and will be removed
  warn(msg)
[LOG] E-mail montado com sucesso.
[LOG] Criando e-mail no Outlook...
[LOG] E-mail enviado para: gustavo.carmo@eldoradobrasil.com.br
[LOG] Temporário removido: report_temp_01_Logística_de_Celulose.png
[LOG] Temporário removido: report_temp_02_Logística_de_Biomassa.png
[LOG] Temporário removido: C:\Users\ext.matheusmm\Documents\Envio de Emails\report_temp_Tabela_-_Produção_Diária_01.png
[LOG] Temporário removido: C:\Users\ext.matheusmm\Documents\Envio de Emails\report_temp_Tabela_-_Produção_Diária_02.png

[LOG] Duração total: 51.6s
============================================================
============================================================
  SISTEMA DE ENVIO AUTOMÁTICO — REPORT OPERACIONAL ELDORADO
  Início: 08/06/2026 09:57:56
============================================================
[LOG] Destinatários configurados (1):
       → gustavo.carmo@eldoradobrasil.com.br
[LOG] Abrindo Excel em background para refresh: Relatório de Produção - Logística Florestal.xlsx
[LOG] Disparando RefreshAll (Power Query)...
[LOG] Refresh concluído.
[LOG] Exportando 2 gráfico(s) de 'Tabela - Produção Diária'...
[LOG]   Gráfico exportado: C:\Users\ext.matheusmm\Documents\Envio de Emails\report_temp_Tabela_-_Produção_Diária_01.png (Grafico de Celulose: Report Operacional - Celulose)
[LOG]   Gráfico exportado: C:\Users\ext.matheusmm\Documents\Envio de Emails\report_temp_Tabela_-_Produção_Diária_02.png (Grafico de Biomassa: Report Operacional - Biomassa)
[LOG] Verificando existência do arquivo: \\brtlgwvfs01eld\Florestal\015_Logística Florestal e Infra Estrutura\002 - Logistica Florestal\01. Base de Dados\02. Manuais\09. ChatBot\03. Planilha de envio\Relatório de Produção - Logística Florestal.xlsx
[LOG] Abrindo planilha...
[LOG] Lendo aba: 'Tabela - Produção Diária'...
C:\Users\ext.matheusmm\Documents\Envio de Emails\.venv\Lib\site-packages\openpyxl\worksheet\_reader.py:329: UserWarning: Slicer List extension is not supported and will be removed
  warn(msg)
[LOG]   Aba carregada: 12 linhas × 27 colunas
[LOG]   2 sub-tabela(s) extraída(s) de 'Tabela - Produção Diária'
[LOG] Total de sub-tabelas: 2
[LOG] Gerando imagem: 'Logística de Celulose'...
[LOG]   Imagem salva: report_temp_01_Logística_de_Celulose.png
[LOG] Gerando imagem: 'Logística de Biomassa'...
[LOG]   Imagem salva: report_temp_02_Logística_de_Biomassa.png
C:\Users\ext.matheusmm\Documents\Envio de Emails\.venv\Lib\site-packages\openpyxl\worksheet\_reader.py:329: UserWarning: Slicer List extension is not supported and will be removed
  warn(msg)
[LOG] E-mail montado com sucesso.
[LOG] Criando e-mail no Outlook...
[LOG] E-mail enviado para: gustavo.carmo@eldoradobrasil.com.br
[LOG] Temporário removido: report_temp_01_Logística_de_Celulose.png
[LOG] Temporário removido: report_temp_02_Logística_de_Biomassa.png
[LOG] Temporário removido: C:\Users\ext.matheusmm\Documents\Envio de Emails\report_temp_Tabela_-_Produção_Diária_01.png
[LOG] Temporário removido: C:\Users\ext.matheusmm\Documents\Envio de Emails\report_temp_Tabela_-_Produção_Diária_02.png

[LOG] Duração total: 98.6s
============================================================
============================================================
  SISTEMA DE ENVIO AUTOMÁTICO — REPORT OPERACIONAL ELDORADO
  Início: 08/06/2026 10:29:57
============================================================
[LOG] Destinatários configurados (2):
       → gustavo.carmo@eldoradobrasil.com.br
       → giovani.barbosa@eldoradobrasil.com.br
[LOG] Abrindo Excel em background para refresh: Relatório de Produção - Logística Florestal.xlsx
[LOG] Disparando RefreshAll (Power Query)...
[LOG] Refresh concluído.
[LOG] Exportando 2 gráfico(s) de 'Tabela - Produção Diária'...
[LOG]   Gráfico exportado: C:\Users\ext.matheusmm\Documents\Envio de Emails\report_temp_Tabela_-_Produção_Diária_01.png (Grafico de Celulose: Report Operacional - Celulose)
[LOG]   Gráfico exportado: C:\Users\ext.matheusmm\Documents\Envio de Emails\report_temp_Tabela_-_Produção_Diária_02.png (Grafico de Biomassa: Report Operacional - Biomassa)
[LOG] Verificando existência do arquivo: \\brtlgwvfs01eld\Florestal\015_Logística Florestal e Infra Estrutura\002 - Logistica Florestal\01. Base de Dados\02. Manuais\09. ChatBot\03. Planilha de envio\Relatório de Produção - Logística Florestal.xlsx
[LOG] Abrindo planilha...
[LOG] Lendo aba: 'Tabela - Produção Diária'...
C:\Users\ext.matheusmm\Documents\Envio de Emails\.venv\Lib\site-packages\openpyxl\worksheet\_reader.py:329: UserWarning: Slicer List extension is not supported and will be removed
  warn(msg)
[LOG]   Aba carregada: 12 linhas × 27 colunas
[LOG]   2 sub-tabela(s) extraída(s) de 'Tabela - Produção Diária'
[LOG] Total de sub-tabelas: 2
[LOG] Gerando imagem: 'Logística de Celulose'...
[LOG]   Imagem salva: report_temp_01_Logística_de_Celulose.png
[LOG] Gerando imagem: 'Logística de Biomassa'...
[LOG]   Imagem salva: report_temp_02_Logística_de_Biomassa.png
C:\Users\ext.matheusmm\Documents\Envio de Emails\.venv\Lib\site-packages\openpyxl\worksheet\_reader.py:329: UserWarning: Slicer List extension is not supported and will be removed
  warn(msg)
[LOG] E-mail montado com sucesso.
[LOG] Criando e-mail no Outlook...
[LOG] E-mail enviado para: gustavo.carmo@eldoradobrasil.com.br, giovani.barbosa@eldoradobrasil.com.br
[LOG] Temporário removido: report_temp_01_Logística_de_Celulose.png
[LOG] Temporário removido: report_temp_02_Logística_de_Biomassa.png
[LOG] Temporário removido: C:\Users\ext.matheusmm\Documents\Envio de Emails\report_temp_Tabela_-_Produção_Diária_01.png
[LOG] Temporário removido: C:\Users\ext.matheusmm\Documents\Envio de Emails\report_temp_Tabela_-_Produção_Diária_02.png

[LOG] Duração total: 81.9s
============================================================
============================================================
  SISTEMA DE ENVIO AUTOMÁTICO — REPORT OPERACIONAL ELDORADO
  Início: 08/06/2026 10:32:34
============================================================
[LOG] Destinatários configurados (2):
       → gustavo.carmo@eldoradobrasil.com.br
       → giovani.barbosa@eldoradobrasil.com.br
[LOG] Abrindo Excel em background para refresh: Relatório de Produção - Logística Florestal.xlsx
[LOG] Disparando RefreshAll (Power Query)...
[LOG] Refresh concluído.

[LOG] ── Processando aba: 'Tabela - Produção Diária' (tipo=diario) ──
[LOG] Exportando 2 gráfico(s) de 'Tabela - Produção Diária'...
[LOG]   Gráfico exportado: C:\Users\ext.matheusmm\Documents\Envio de Emails\report_temp_Tabela_-_Produção_Diária_01.png (Grafico de Celulose: Report Operacional - Celulose)
[LOG]   Gráfico exportado: C:\Users\ext.matheusmm\Documents\Envio de Emails\report_temp_Tabela_-_Produção_Diária_02.png (Grafico de Biomassa: Report Operacional - Biomassa)
[LOG] Capturando tabela da aba 'Tabela - Produção Diária' como imagem...
[LOG]   Range detectado automaticamente: $A$1:$AA$21
[AVISO] Falha ao detectar range de 'Tabela - Produção Diária': Book.close() got an unexpected keyword argument 'save_changes'
[AVISO] Captura via xlwings falhou para 'Tabela - Produção Diária'. Tentando fallback matplotlib...
[LOG]   Usando fallback matplotlib para 'Tabela - Produção Diária'...
C:\Users\ext.matheusmm\Documents\Envio de Emails\.venv\Lib\site-packages\openpyxl\worksheet\_reader.py:329: UserWarning: Slicer List extension is not supported and will be removed
  warn(msg)
[LOG]   (Fallback matplotlib) Imagem salva: C:\Users\ext.matheusmm\Documents\Envio de Emails\report_temp_01_01_Logística_de_Celulose.png
[LOG]   (Fallback matplotlib) Imagem salva: C:\Users\ext.matheusmm\Documents\Envio de Emails\report_temp_01_02_Logística_de_Biomassa.png

[LOG] ── Processando aba: 'Tabela - Produção Mensal Celulose' (tipo=mensal) ──
[LOG] Capturando tabela da aba 'Tabela - Produção Mensal Celulose' como imagem...
[AVISO] Falha ao detectar range de 'Tabela - Produção Mensal Celulose': (-2147352567, 'Exceção.', (0, None, None, None, 0, -2147352565), None)
[AVISO] Captura via xlwings falhou para 'Tabela - Produção Mensal Celulose'. Tentando fallback matplotlib...
[LOG]   Usando fallback matplotlib para 'Tabela - Produção Mensal Celulose'...
[AVISO] Fallback matplotlib falhou para 'Tabela - Produção Mensal Celulose': Worksheet named 'Tabela - Produção Mensal Celulose' not found

[LOG] ── Processando aba: 'Tabela - Produção Diária Biomassa' (tipo=diario) ──
[AVISO] Falha ao exportar gráficos de 'Tabela - Produção Diária Biomassa': (-2147352567, 'Exceção.', (0, None, None, None, 0, -2147352565), None)
[LOG] Capturando tabela da aba 'Tabela - Produção Diária Biomassa' como imagem...
[AVISO] Falha ao detectar range de 'Tabela - Produção Diária Biomassa': (-2147352567, 'Exceção.', (0, None, None, None, 0, -2147352565), None)
[AVISO] Captura via xlwings falhou para 'Tabela - Produção Diária Biomassa'. Tentando fallback matplotlib...
[LOG]   Usando fallback matplotlib para 'Tabela - Produção Diária Biomassa'...
[AVISO] Fallback matplotlib falhou para 'Tabela - Produção Diária Biomassa': Worksheet named 'Tabela - Produção Diária Biomassa' not found

[LOG] ── Processando aba: 'Tabela - Produção Mensal Biomassa' (tipo=mensal) ──
[LOG] Capturando tabela da aba 'Tabela - Produção Mensal Biomassa' como imagem...
[AVISO] Falha ao detectar range de 'Tabela - Produção Mensal Biomassa': (-2147352567, 'Exceção.', (0, None, None, None, 0, -2147352565), None)
[AVISO] Captura via xlwings falhou para 'Tabela - Produção Mensal Biomassa'. Tentando fallback matplotlib...
[LOG]   Usando fallback matplotlib para 'Tabela - Produção Mensal Biomassa'...
[AVISO] Fallback matplotlib falhou para 'Tabela - Produção Mensal Biomassa': Worksheet named 'Tabela - Produção Mensal Biomassa' not found
[LOG] Sem conteúdo para 'Tabela - Produção Mensal Celulose', pulando seção.
[LOG] Sem conteúdo para 'Tabela - Produção Diária Biomassa', pulando seção.
[LOG] Sem conteúdo para 'Tabela - Produção Mensal Biomassa', pulando seção.
C:\Users\ext.matheusmm\Documents\Envio de Emails\.venv\Lib\site-packages\openpyxl\worksheet\_reader.py:329: UserWarning: Slicer List extension is not supported and will be removed
  warn(msg)

[LOG] E-mail montado com sucesso.
[LOG] Criando e-mail no Outlook...
[LOG] E-mail enviado para: gustavo.carmo@eldoradobrasil.com.br, giovani.barbosa@eldoradobrasil.com.br
[LOG] Temporário removido: C:\Users\ext.matheusmm\Documents\Envio de Emails\report_temp_Tabela_-_Produção_Diária_01.png
[LOG] Temporário removido: C:\Users\ext.matheusmm\Documents\Envio de Emails\report_temp_Tabela_-_Produção_Diária_02.png
[LOG] Temporário removido: C:\Users\ext.matheusmm\Documents\Envio de Emails\report_temp_01_01_Logística_de_Celulose.png
[LOG] Temporário removido: C:\Users\ext.matheusmm\Documents\Envio de Emails\report_temp_01_02_Logística_de_Biomassa.png

[LOG] Duração total: 108.2s
============================================================
============================================================
  SISTEMA DE ENVIO AUTOMÁTICO — REPORT OPERACIONAL ELDORADO
  Início: 08/06/2026 10:56:58
============================================================
[LOG] Destinatários (2):
       → gustavo.carmo@eldoradobrasil.com.br
       → giovani.barbosa@eldoradobrasil.com.br
[LOG] Abrindo Excel para refresh: Relatório de Produção - Logística Florestal.xlsx
[LOG] Disparando RefreshAll (Power Query)...
[LOG] Refresh concluído.

[LOG] ══ Processando aba: 'Tabela - Produção Diária' ══
[LOG] Exportando 2 gráfico(s) de 'Tabela - Produção Diária'...
[LOG]   Gráfico [celulose] exportado: C:\Users\ext.matheusmm\Documents\Envio de Emails\report_temp_grafico_Tabela_-_Produç_celulose_01.png
[LOG]   Gráfico [biomassa] exportado: C:\Users\ext.matheusmm\Documents\Envio de Emails\report_temp_grafico_Tabela_-_Produç_biomassa_02.png
[LOG] Capturando tabela [celulose] de 'Tabela - Produção Diária' (range=B5:J15)...
[LOG]   Range 'B5:J15' capturado → C:\Users\ext.matheusmm\Documents\Envio de Emails\report_temp_tabela_diaria_celulose.png
[LOG] Capturando tabela [biomassa] de 'Tabela - Produção Diária' (range=K5:S15)...
[LOG]   Range 'K5:S15' capturado → C:\Users\ext.matheusmm\Documents\Envio de Emails\report_temp_tabela_diaria_biomassa.png

[LOG] ══ Processando aba: 'Tabela - Produção Mensal' (somente tabelas) ══
[LOG] Capturando tabela [celulose] de 'Tabela - Produção Mensal' (range=B3:J15)...
[LOG]   Range 'B3:J15' capturado → C:\Users\ext.matheusmm\Documents\Envio de Emails\report_temp_tabela_mensal_celulose.png
[LOG] Capturando tabela [biomassa] de 'Tabela - Produção Mensal' (range=K3:S15)...
[LOG]   Range 'K3:S15' capturado → C:\Users\ext.matheusmm\Documents\Envio de Emails\report_temp_tabela_mensal_biomassa.png
C:\Users\ext.matheusmm\Documents\Envio de Emails\.venv\Lib\site-packages\openpyxl\worksheet\_reader.py:329: UserWarning: Slicer List extension is not supported and will be removed
  warn(msg)

[LOG] E-mail montado com sucesso.
[LOG] Criando e-mail no Outlook...
[LOG] E-mail enviado para: gustavo.carmo@eldoradobrasil.com.br, giovani.barbosa@eldoradobrasil.com.br
[LOG] Temporário removido: C:\Users\ext.matheusmm\Documents\Envio de Emails\report_temp_grafico_Tabela_-_Produç_celulose_01.png
[LOG] Temporário removido: C:\Users\ext.matheusmm\Documents\Envio de Emails\report_temp_grafico_Tabela_-_Produç_biomassa_02.png
[LOG] Temporário removido: C:\Users\ext.matheusmm\Documents\Envio de Emails\report_temp_tabela_diaria_celulose.png
[LOG] Temporário removido: C:\Users\ext.matheusmm\Documents\Envio de Emails\report_temp_tabela_diaria_biomassa.png
[LOG] Temporário removido: C:\Users\ext.matheusmm\Documents\Envio de Emails\report_temp_tabela_mensal_celulose.png
[LOG] Temporário removido: C:\Users\ext.matheusmm\Documents\Envio de Emails\report_temp_tabela_mensal_biomassa.png

[LOG] Duração total: 124.8s
============================================================
Traceback (most recent call last):
  File "c:\Users\ext.matheusmm\Documents\Envio de Emails\rel_test.py", line 163, in <module>
    RANGE_TABELA_CEL_MENSAL = detectar_range(EXCEL_PATH, SHEET_MENSAL, "B", "J")
  File "c:\Users\ext.matheusmm\Documents\Envio de Emails\rel_test.py", line 157, in detectar_range
    wb.close(save_changes=False)
    ~~~~~~~~^^^^^^^^^^^^^^^^^^^^
TypeError: Book.close() got an unexpected keyword argument 'save_changes'
============================================================
  SISTEMA DE ENVIO AUTOMÁTICO — REPORT OPERACIONAL ELDORADO
  Início: 08/06/2026 11:13:21
============================================================
[LOG] Destinatários (1):
       → gustavo.carmo@eldoradobrasil.com.br
[LOG] Abrindo Excel para refresh: Relatório de Produção - Logística Florestal.xlsx
[LOG] Disparando RefreshAll (Power Query)...

[LOG] Duração total: 43.4s
============================================================
Traceback (most recent call last):
  File "c:\Users\ext.matheusmm\Documents\Envio de Emails\rel_test.py", line 1196, in <module>
    executar()
    ~~~~~~~~^^
  File "c:\Users\ext.matheusmm\Documents\Envio de Emails\rel_test.py", line 1040, in executar
    if not _refresh_excel(EXCEL_PATH):
           ~~~~~~~~~~~~~~^^^^^^^^^^^^
  File "c:\Users\ext.matheusmm\Documents\Envio de Emails\rel_test.py", line 460, in _refresh_excel
    wb.api.RefreshAll()
    ~~~~~~~~~~~~~~~~~^^
  File "C:\Users\ext.matheusmm\Documents\Envio de Emails\.venv\Lib\site-packages\xlwings\_xlwindows.py", line 122, in __call__
    v = self.__method(*args, **kwargs)
  File "C:\Users\EXT~1.MAT\AppData\Local\Temp\gen_py\3.13\00020813-0000-0000-C000-000000000046x0x1x9.py", line 46749, in RefreshAll
    return self._oleobj_.InvokeTypes(1452, LCID, 1, (24, 0), (),)
           ~~~~~~~~~~~~~~~~~~~~~~~~~^^^^^^^^^^^^^^^^^^^^^^^^^^^^^
KeyboardInterrupt
============================================================
  SISTEMA DE ENVIO AUTOMÁTICO — REPORT OPERACIONAL ELDORADO
  Início: 08/06/2026 11:16:28
============================================================
[LOG] Destinatários (1):
       → gustavo.carmo@eldoradobrasil.com.br
[LOG] Abrindo Excel para refresh: Relatório de Produção - Logística Florestal.xlsx
[LOG] Disparando RefreshAll (Power Query)...
[LOG] Refresh concluído.

[LOG] ══ Processando aba: 'Tabela - Produção Diária' ══
[LOG] Exportando 2 gráfico(s) de 'Tabela - Produção Diária'...
[LOG]   Gráfico [celulose] exportado: C:\Users\ext.matheusmm\Documents\Envio de Emails\report_temp_grafico_Tabela_-_Produç_celulose_01.png
[LOG]   Gráfico [biomassa] exportado: C:\Users\ext.matheusmm\Documents\Envio de Emails\report_temp_grafico_Tabela_-_Produç_biomassa_02.png
[LOG] Capturando tabela [celulose] de 'Tabela - Produção Diária' (range=B5:L15)...
[LOG]   Range 'B5:L15' capturado → C:\Users\ext.matheusmm\Documents\Envio de Emails\report_temp_tabela_diaria_celulose.png
[LOG] Capturando tabela [biomassa] de 'Tabela - Produção Diária' (range=Q5:AA16)...
[LOG]   Range 'Q5:AA16' capturado → C:\Users\ext.matheusmm\Documents\Envio de Emails\report_temp_tabela_diaria_biomassa.png

[LOG] ══ Processando aba: 'Tabela - Produção Mensal' (somente tabelas) ══
[LOG] Capturando tabela [celulose] de 'Tabela - Produção Mensal' (range=B3:J16)...
[LOG]   Range 'B3:J16' capturado → C:\Users\ext.matheusmm\Documents\Envio de Emails\report_temp_tabela_mensal_celulose.png
[LOG] Capturando tabela [biomassa] de 'Tabela - Produção Mensal' (range=Q3:Y16)...
[LOG]   Range 'Q3:Y16' capturado → C:\Users\ext.matheusmm\Documents\Envio de Emails\report_temp_tabela_mensal_biomassa.png
C:\Users\ext.matheusmm\Documents\Envio de Emails\.venv\Lib\site-packages\openpyxl\worksheet\_reader.py:329: UserWarning: Slicer List extension is not supported and will be removed
  warn(msg)

[LOG] E-mail montado com sucesso.
[LOG] Criando e-mail no Outlook...
[LOG] E-mail enviado para: gustavo.carmo@eldoradobrasil.com.br
[LOG] Temporário removido: C:\Users\ext.matheusmm\Documents\Envio de Emails\report_temp_grafico_Tabela_-_Produç_celulose_01.png
[LOG] Temporário removido: C:\Users\ext.matheusmm\Documents\Envio de Emails\report_temp_grafico_Tabela_-_Produç_biomassa_02.png
[LOG] Temporário removido: C:\Users\ext.matheusmm\Documents\Envio de Emails\report_temp_tabela_diaria_celulose.png
[LOG] Temporário removido: C:\Users\ext.matheusmm\Documents\Envio de Emails\report_temp_tabela_diaria_biomassa.png
[LOG] Temporário removido: C:\Users\ext.matheusmm\Documents\Envio de Emails\report_temp_tabela_mensal_celulose.png
[LOG] Temporário removido: C:\Users\ext.matheusmm\Documents\Envio de Emails\report_temp_tabela_mensal_biomassa.png

[LOG] Duração total: 65.2s
============================================================
============================================================
  SISTEMA DE ENVIO AUTOMÁTICO — REPORT OPERACIONAL ELDORADO
  Início: 09/06/2026 08:57:23
============================================================
[LOG] Destinatários (1):
       → gustavo.carmo@eldoradobrasil.com.br
[LOG] Abrindo Excel para refresh: Relatório de Produção - Logística Florestal.xlsx
[LOG] Disparando RefreshAll (Power Query)...
[LOG] Refresh concluído.

[LOG] ══ Processando aba: 'Tabela - Produção Diária' ══
[LOG]   Range dinâmico 'Tabela - Produção Diária' [B→L]: B5:L14
[LOG]   Range dinâmico 'Tabela - Produção Diária' [B→L]: B3:L15
[LOG]   Range dinâmico 'Tabela - Produção Diária' [Q→AA]: Q5:AA13
[LOG]   Range dinâmico 'Tabela - Produção Diária' [Q→AA]: Q3:AA14
[LOG] Exportando 2 gráfico(s) de 'Tabela - Produção Diária'...
[LOG]   Gráfico [celulose] exportado: C:\Users\ext.matheusmm\Documents\Envio de Emails\report_temp_grafico_Tabela_-_Produç_celulose_01.png
[LOG]   Gráfico [biomassa] exportado: C:\Users\ext.matheusmm\Documents\Envio de Emails\report_temp_grafico_Tabela_-_Produç_biomassa_02.png
[LOG] Capturando tabela [celulose] de 'Tabela - Produção Diária' (range=B5:L14)...
[LOG]   Range 'B5:L14' capturado → C:\Users\ext.matheusmm\Documents\Envio de Emails\report_temp_tabela_diaria_celulose.png
[LOG] Capturando tabela [biomassa] de 'Tabela - Produção Diária' (range=Q5:AA13)...
[LOG]   Range 'Q5:AA13' capturado → C:\Users\ext.matheusmm\Documents\Envio de Emails\report_temp_tabela_diaria_biomassa.png

[LOG] ══ Processando aba: 'Tabela - Produção Mensal' ══
[LOG]   Range dinâmico 'Tabela - Produção Mensal' [B→J]: B3:J14
[LOG]   Range dinâmico 'Tabela - Produção Mensal' [Q→Y]: Q3:Y12
[LOG] Capturando tabela [celulose] de 'Tabela - Produção Mensal' (range=B3:J14)...
[LOG]   Range 'B3:J14' capturado → C:\Users\ext.matheusmm\Documents\Envio de Emails\report_temp_tabela_mensal_celulose.png
[LOG] Capturando tabela [biomassa] de 'Tabela - Produção Mensal' (range=Q3:Y12)...
[LOG]   Range 'Q3:Y12' capturado → C:\Users\ext.matheusmm\Documents\Envio de Emails\report_temp_tabela_mensal_biomassa.png
C:\Users\ext.matheusmm\Documents\Envio de Emails\.venv\Lib\site-packages\openpyxl\worksheet\_reader.py:329: UserWarning: Slicer List extension is not supported and will be removed
  warn(msg)

[LOG] E-mail montado com sucesso.
[LOG] Criando e-mail no Outlook...
[LOG] E-mail enviado para: gustavo.carmo@eldoradobrasil.com.br
[LOG] Temporário removido: C:\Users\ext.matheusmm\Documents\Envio de Emails\report_temp_grafico_Tabela_-_Produç_celulose_01.png
[LOG] Temporário removido: C:\Users\ext.matheusmm\Documents\Envio de Emails\report_temp_grafico_Tabela_-_Produç_biomassa_02.png
[LOG] Temporário removido: C:\Users\ext.matheusmm\Documents\Envio de Emails\report_temp_tabela_diaria_celulose.png
[LOG] Temporário removido: C:\Users\ext.matheusmm\Documents\Envio de Emails\report_temp_tabela_diaria_biomassa.png
[LOG] Temporário removido: C:\Users\ext.matheusmm\Documents\Envio de Emails\report_temp_tabela_mensal_celulose.png
[LOG] Temporário removido: C:\Users\ext.matheusmm\Documents\Envio de Emails\report_temp_tabela_mensal_biomassa.png

[LOG] Duração total: 95.2s
============================================================
